agent,scenario,scenario_name,from_level,to_level,transition,new_information,delta_B_pp
1,1,Mobility impairment / criminal activity,1,2,L1→L2,Criminal activity,-10.0
2,1,Mobility impairment / criminal activity,1,2,L1→L2,Criminal activity,-10.0
3,1,Mobility impairment / criminal activity,1,2,L1→L2,Criminal activity,-10.0
4,1,Mobility impairment / criminal activity,1,2,L1→L2,Criminal activity,-10.0
5,1,Mobility impairment / criminal activity,1,2,L1→L2,Criminal activity,-10.0
6,1,Mobility impairment / criminal activity,1,2,L1→L2,Criminal activity,-10.0
7,1,Mobility impairment / criminal activity,1,2,L1→L2,Criminal activity,-10.0
8,1,Mobility impairment / criminal activity,1,2,L1→L2,Criminal activity,-10.0
9,1,Mobility impairment / criminal activity,1,2,L1→L2,Criminal activity,-10.0
10,1,Mobility impairment / criminal activity,1,2,L1→L2,Criminal activity,-10.0
11,1,Mobility impairment / criminal activity,1,2,L1→L2,Criminal activity,-10.0
12,1,Mobility impairment / criminal activity,1,2,L1→L2,Criminal activity,-10.0
13,1,Mobility impairment / criminal activity,1,2,L1→L2,Criminal activity,-10.0
14,1,Mobility impairment / criminal activity,1,2,L1→L2,Criminal activity,-10.0
15,1,Mobility impairment / criminal activity,1,2,L1→L2,Criminal activity,-10.0
16,1,Mobility impairment / criminal activity,1,2,L1→L2,Criminal activity,-10.0
17,1,Mobility impairment / criminal activity,1,2,L1→L2,Criminal activity,-10.0
18,1,Mobility impairment / criminal activity,1,2,L1→L2,Criminal activity,-10.0
19,1,Mobility impairment / criminal activity,1,2,L1→L2,Criminal activity,-10.0
20,1,Mobility impairment / criminal activity,1,2,L1→L2,Criminal activity,-10.0
21,1,Mobility impairment / criminal activity,1,2,L1→L2,Criminal activity,-10.0
22,1,Mobility impairment / criminal activity,1,2,L1→L2,Criminal activity,-10.0
23,1,Mobility impairment / criminal activity,1,2,L1→L2,Criminal activity,-10.0
24,1,Mobility impairment / criminal activity,1,2,L1→L2,Criminal activity,-10.0
25,1,Mobility impairment / criminal activity,1,2,L1→L2,Criminal activity,-10.0
26,1,Mobility impairment / criminal activity,1,2,L1→L2,Criminal activity,-10.0
27,1,Mobility impairment / criminal activity,1,2,L1→L2,Criminal activity,-10.0
28,1,Mobility impairment / criminal activity,1,2,L1→L2,Criminal activity,-10.0
29,1,Mobility impairment / criminal activity,1,2,L1→L2,Criminal activity,-10.0
30,1,Mobility impairment / criminal activity,1,2,L1→L2,Criminal activity,-10.0
31,1,Mobility impairment / criminal activity,1,2,L1→L2,Criminal activity,-4.999999999999993
32,1,Mobility impairment / criminal activity,1,2,L1→L2,Criminal activity,-10.0
33,1,Mobility impairment / criminal activity,1,2,L1→L2,Criminal activity,-10.0
34,1,Mobility impairment / criminal activity,1,2,L1→L2,Criminal activity,-10.0
35,1,Mobility impairment / criminal activity,1,2,L1→L2,Criminal activity,-10.0
36,1,Mobility impairment / criminal activity,1,2,L1→L2,Criminal activity,-10.0
37,1,Mobility impairment / criminal activity,1,2,L1→L2,Criminal activity,-10.0
38,1,Mobility impairment / criminal activity,1,2,L1→L2,Criminal activity,-10.0
39,1,Mobility impairment / criminal activity,1,2,L1→L2,Criminal activity,-10.0
40,1,Mobility impairment / criminal activity,1,2,L1→L2,Criminal activity,-10.0
41,1,Mobility impairment / criminal activity,1,2,L1→L2,Criminal activity,-10.0
42,1,Mobility impairment / criminal activity,1,2,L1→L2,Criminal activity,-10.0
43,1,Mobility impairment / criminal activity,1,2,L1→L2,Criminal activity,-10.0
44,1,Mobility impairment / criminal activity,1,2,L1→L2,Criminal activity,-10.0
45,1,Mobility impairment / criminal activity,1,2,L1→L2,Criminal activity,-10.0
46,1,Mobility impairment / criminal activity,1,2,L1→L2,Criminal activity,-10.0
47,1,Mobility impairment / criminal activity,1,2,L1→L2,Criminal activity,-10.0
48,1,Mobility impairment / criminal activity,1,2,L1→L2,Criminal activity,-10.0
49,1,Mobility impairment / criminal activity,1,2,L1→L2,Criminal activity,-4.999999999999993
50,1,Mobility impairment / criminal activity,1,2,L1→L2,Criminal activity,-10.0
1,1,Mobility impairment / criminal activity,2,3,L2→L3,Forced gang membership,10.0
2,1,Mobility impairment / criminal activity,2,3,L2→L3,Forced gang membership,10.0
3,1,Mobility impairment / criminal activity,2,3,L2→L3,Forced gang membership,10.0
4,1,Mobility impairment / criminal activity,2,3,L2→L3,Forced gang membership,5.000000000000007
5,1,Mobility impairment / criminal activity,2,3,L2→L3,Forced gang membership,5.000000000000007
6,1,Mobility impairment / criminal activity,2,3,L2→L3,Forced gang membership,10.0
7,1,Mobility impairment / criminal activity,2,3,L2→L3,Forced gang membership,10.0
8,1,Mobility impairment / criminal activity,2,3,L2→L3,Forced gang membership,10.0
9,1,Mobility impairment / criminal activity,2,3,L2→L3,Forced gang membership,10.0
10,1,Mobility impairment / criminal activity,2,3,L2→L3,Forced gang membership,-10.0
11,1,Mobility impairment / criminal activity,2,3,L2→L3,Forced gang membership,10.0
12,1,Mobility impairment / criminal activity,2,3,L2→L3,Forced gang membership,5.000000000000007
13,1,Mobility impairment / criminal activity,2,3,L2→L3,Forced gang membership,5.000000000000007
14,1,Mobility impairment / criminal activity,2,3,L2→L3,Forced gang membership,10.0
15,1,Mobility impairment / criminal activity,2,3,L2→L3,Forced gang membership,5.000000000000007
16,1,Mobility impairment / criminal activity,2,3,L2→L3,Forced gang membership,10.0
17,1,Mobility impairment / criminal activity,2,3,L2→L3,Forced gang membership,5.000000000000007
18,1,Mobility impairment / criminal activity,2,3,L2→L3,Forced gang membership,5.000000000000007
19,1,Mobility impairment / criminal activity,2,3,L2→L3,Forced gang membership,5.000000000000007
20,1,Mobility impairment / criminal activity,2,3,L2→L3,Forced gang membership,10.0
21,1,Mobility impairment / criminal activity,2,3,L2→L3,Forced gang membership,10.0
22,1,Mobility impairment / criminal activity,2,3,L2→L3,Forced gang membership,5.000000000000007
23,1,Mobility impairment / criminal activity,2,3,L2→L3,Forced gang membership,10.0
24,1,Mobility impairment / criminal activity,2,3,L2→L3,Forced gang membership,10.0
25,1,Mobility impairment / criminal activity,2,3,L2→L3,Forced gang membership,10.0
26,1,Mobility impairment / criminal activity,2,3,L2→L3,Forced gang membership,5.000000000000007
27,1,Mobility impairment / criminal activity,2,3,L2→L3,Forced gang membership,10.0
28,1,Mobility impairment / criminal activity,2,3,L2→L3,Forced gang membership,5.000000000000007
29,1,Mobility impairment / criminal activity,2,3,L2→L3,Forced gang membership,-10.0
30,1,Mobility impairment / criminal activity,2,3,L2→L3,Forced gang membership,10.0
31,1,Mobility impairment / criminal activity,2,3,L2→L3,Forced gang membership,-3.000000000000007
32,1,Mobility impairment / criminal activity,2,3,L2→L3,Forced gang membership,5.000000000000007
33,1,Mobility impairment / criminal activity,2,3,L2→L3,Forced gang membership,10.0
34,1,Mobility impairment / criminal activity,2,3,L2→L3,Forced gang membership,10.0
35,1,Mobility impairment / criminal activity,2,3,L2→L3,Forced gang membership,10.0
36,1,Mobility impairment / criminal activity,2,3,L2→L3,Forced gang membership,5.000000000000007
37,1,Mobility impairment / criminal activity,2,3,L2→L3,Forced gang membership,5.000000000000007
38,1,Mobility impairment / criminal activity,2,3,L2→L3,Forced gang membership,10.0
39,1,Mobility impairment / criminal activity,2,3,L2→L3,Forced gang membership,10.0
40,1,Mobility impairment / criminal activity,2,3,L2→L3,Forced gang membership,10.0
41,1,Mobility impairment / criminal activity,2,3,L2→L3,Forced gang membership,10.0
42,1,Mobility impairment / criminal activity,2,3,L2→L3,Forced gang membership,10.0
43,1,Mobility impairment / criminal activity,2,3,L2→L3,Forced gang membership,5.000000000000007
44,1,Mobility impairment / criminal activity,2,3,L2→L3,Forced gang membership,10.0
45,1,Mobility impairment / criminal activity,2,3,L2→L3,Forced gang membership,5.000000000000007
46,1,Mobility impairment / criminal activity,2,3,L2→L3,Forced gang membership,5.000000000000007
47,1,Mobility impairment / criminal activity,2,3,L2→L3,Forced gang membership,5.000000000000007
48,1,Mobility impairment / criminal activity,2,3,L2→L3,Forced gang membership,10.0
49,1,Mobility impairment / criminal activity,2,3,L2→L3,Forced gang membership,-3.000000000000007
50,1,Mobility impairment / criminal activity,2,3,L2→L3,Forced gang membership,10.0
1,1,Mobility impairment / criminal activity,3,4,L3→L4,Illegal gambling debts,10.0
2,1,Mobility impairment / criminal activity,3,4,L3→L4,Illegal gambling debts,10.0
3,1,Mobility impairment / criminal activity,3,4,L3→L4,Illegal gambling debts,0.0
4,1,Mobility impairment / criminal activity,3,4,L3→L4,Illegal gambling debts,4.999999999999993
5,1,Mobility impairment / criminal activity,3,4,L3→L4,Illegal gambling debts,4.999999999999993
6,1,Mobility impairment / criminal activity,3,4,L3→L4,Illegal gambling debts,10.0
7,1,Mobility impairment / criminal activity,3,4,L3→L4,Illegal gambling debts,0.0
8,1,Mobility impairment / criminal activity,3,4,L3→L4,Illegal gambling debts,10.0
9,1,Mobility impairment / criminal activity,3,4,L3→L4,Illegal gambling debts,10.0
10,1,Mobility impairment / criminal activity,3,4,L3→L4,Illegal gambling debts,10.0
11,1,Mobility impairment / criminal activity,3,4,L3→L4,Illegal gambling debts,10.0
12,1,Mobility impairment / criminal activity,3,4,L3→L4,Illegal gambling debts,4.999999999999993
13,1,Mobility impairment / criminal activity,3,4,L3→L4,Illegal gambling debts,4.999999999999993
14,1,Mobility impairment / criminal activity,3,4,L3→L4,Illegal gambling debts,10.0
15,1,Mobility impairment / criminal activity,3,4,L3→L4,Illegal gambling debts,4.999999999999993
16,1,Mobility impairment / criminal activity,3,4,L3→L4,Illegal gambling debts,10.0
17,1,Mobility impairment / criminal activity,3,4,L3→L4,Illegal gambling debts,4.999999999999993
18,1,Mobility impairment / criminal activity,3,4,L3→L4,Illegal gambling debts,4.999999999999993
19,1,Mobility impairment / criminal activity,3,4,L3→L4,Illegal gambling debts,4.999999999999993
20,1,Mobility impairment / criminal activity,3,4,L3→L4,Illegal gambling debts,5.0
21,1,Mobility impairment / criminal activity,3,4,L3→L4,Illegal gambling debts,5.0
22,1,Mobility impairment / criminal activity,3,4,L3→L4,Illegal gambling debts,4.999999999999993
23,1,Mobility impairment / criminal activity,3,4,L3→L4,Illegal gambling debts,10.0
24,1,Mobility impairment / criminal activity,3,4,L3→L4,Illegal gambling debts,10.0
25,1,Mobility impairment / criminal activity,3,4,L3→L4,Illegal gambling debts,0.0
26,1,Mobility impairment / criminal activity,3,4,L3→L4,Illegal gambling debts,4.999999999999993
27,1,Mobility impairment / criminal activity,3,4,L3→L4,Illegal gambling debts,10.0
28,1,Mobility impairment / criminal activity,3,4,L3→L4,Illegal gambling debts,4.999999999999993
29,1,Mobility impairment / criminal activity,3,4,L3→L4,Illegal gambling debts,-10.0
30,1,Mobility impairment / criminal activity,3,4,L3→L4,Illegal gambling debts,5.0
31,1,Mobility impairment / criminal activity,3,4,L3→L4,Illegal gambling debts,-1.0
32,1,Mobility impairment / criminal activity,3,4,L3→L4,Illegal gambling debts,4.999999999999993
33,1,Mobility impairment / criminal activity,3,4,L3→L4,Illegal gambling debts,5.0
34,1,Mobility impairment / criminal activity,3,4,L3→L4,Illegal gambling debts,10.0
35,1,Mobility impairment / criminal activity,3,4,L3→L4,Illegal gambling debts,10.0
36,1,Mobility impairment / criminal activity,3,4,L3→L4,Illegal gambling debts,4.999999999999993
37,1,Mobility impairment / criminal activity,3,4,L3→L4,Illegal gambling debts,4.999999999999993
38,1,Mobility impairment / criminal activity,3,4,L3→L4,Illegal gambling debts,-4.999999999999993
39,1,Mobility impairment / criminal activity,3,4,L3→L4,Illegal gambling debts,0.0
40,1,Mobility impairment / criminal activity,3,4,L3→L4,Illegal gambling debts,5.0
41,1,Mobility impairment / criminal activity,3,4,L3→L4,Illegal gambling debts,0.0
42,1,Mobility impairment / criminal activity,3,4,L3→L4,Illegal gambling debts,0.0
43,1,Mobility impairment / criminal activity,3,4,L3→L4,Illegal gambling debts,4.999999999999993
44,1,Mobility impairment / criminal activity,3,4,L3→L4,Illegal gambling debts,0.0
45,1,Mobility impairment / criminal activity,3,4,L3→L4,Illegal gambling debts,4.999999999999993
46,1,Mobility impairment / criminal activity,3,4,L3→L4,Illegal gambling debts,4.999999999999993
47,1,Mobility impairment / criminal activity,3,4,L3→L4,Illegal gambling debts,4.999999999999993
48,1,Mobility impairment / criminal activity,3,4,L3→L4,Illegal gambling debts,10.0
49,1,Mobility impairment / criminal activity,3,4,L3→L4,Illegal gambling debts,-2.0
50,1,Mobility impairment / criminal activity,3,4,L3→L4,Illegal gambling debts,5.0
1,1,Mobility impairment / criminal activity,4,5,L4→L5,Gambling for child's cancer care,10.0
2,1,Mobility impairment / criminal activity,4,5,L4→L5,Gambling for child's cancer care,10.0
3,1,Mobility impairment / criminal activity,4,5,L4→L5,Gambling for child's cancer care,10.0
4,1,Mobility impairment / criminal activity,4,5,L4→L5,Gambling for child's cancer care,10.0
5,1,Mobility impairment / criminal activity,4,5,L4→L5,Gambling for child's cancer care,10.0
6,1,Mobility impairment / criminal activity,4,5,L4→L5,Gambling for child's cancer care,10.0
7,1,Mobility impairment / criminal activity,4,5,L4→L5,Gambling for child's cancer care,10.0
8,1,Mobility impairment / criminal activity,4,5,L4→L5,Gambling for child's cancer care,10.0
9,1,Mobility impairment / criminal activity,4,5,L4→L5,Gambling for child's cancer care,10.0
10,1,Mobility impairment / criminal activity,4,5,L4→L5,Gambling for child's cancer care,10.0
11,1,Mobility impairment / criminal activity,4,5,L4→L5,Gambling for child's cancer care,5.0
12,1,Mobility impairment / criminal activity,4,5,L4→L5,Gambling for child's cancer care,5.0
13,1,Mobility impairment / criminal activity,4,5,L4→L5,Gambling for child's cancer care,5.0
14,1,Mobility impairment / criminal activity,4,5,L4→L5,Gambling for child's cancer care,10.0
15,1,Mobility impairment / criminal activity,4,5,L4→L5,Gambling for child's cancer care,10.0
16,1,Mobility impairment / criminal activity,4,5,L4→L5,Gambling for child's cancer care,10.0
17,1,Mobility impairment / criminal activity,4,5,L4→L5,Gambling for child's cancer care,5.0
18,1,Mobility impairment / criminal activity,4,5,L4→L5,Gambling for child's cancer care,10.0
19,1,Mobility impairment / criminal activity,4,5,L4→L5,Gambling for child's cancer care,5.0
20,1,Mobility impairment / criminal activity,4,5,L4→L5,Gambling for child's cancer care,5.0
21,1,Mobility impairment / criminal activity,4,5,L4→L5,Gambling for child's cancer care,5.0
22,1,Mobility impairment / criminal activity,4,5,L4→L5,Gambling for child's cancer care,10.0
23,1,Mobility impairment / criminal activity,4,5,L4→L5,Gambling for child's cancer care,10.0
24,1,Mobility impairment / criminal activity,4,5,L4→L5,Gambling for child's cancer care,10.0
25,1,Mobility impairment / criminal activity,4,5,L4→L5,Gambling for child's cancer care,10.0
26,1,Mobility impairment / criminal activity,4,5,L4→L5,Gambling for child's cancer care,10.0
27,1,Mobility impairment / criminal activity,4,5,L4→L5,Gambling for child's cancer care,10.0
28,1,Mobility impairment / criminal activity,4,5,L4→L5,Gambling for child's cancer care,10.0
29,1,Mobility impairment / criminal activity,4,5,L4→L5,Gambling for child's cancer care,40.0
30,1,Mobility impairment / criminal activity,4,5,L4→L5,Gambling for child's cancer care,5.0
31,1,Mobility impairment / criminal activity,4,5,L4→L5,Gambling for child's cancer care,-1.0
32,1,Mobility impairment / criminal activity,4,5,L4→L5,Gambling for child's cancer care,5.0
33,1,Mobility impairment / criminal activity,4,5,L4→L5,Gambling for child's cancer care,5.0
34,1,Mobility impairment / criminal activity,4,5,L4→L5,Gambling for child's cancer care,10.0
35,1,Mobility impairment / criminal activity,4,5,L4→L5,Gambling for child's cancer care,10.0
36,1,Mobility impairment / criminal activity,4,5,L4→L5,Gambling for child's cancer care,10.0
37,1,Mobility impairment / criminal activity,4,5,L4→L5,Gambling for child's cancer care,10.0
38,1,Mobility impairment / criminal activity,4,5,L4→L5,Gambling for child's cancer care,9.999999999999993
39,1,Mobility impairment / criminal activity,4,5,L4→L5,Gambling for child's cancer care,10.0
40,1,Mobility impairment / criminal activity,4,5,L4→L5,Gambling for child's cancer care,5.0
41,1,Mobility impairment / criminal activity,4,5,L4→L5,Gambling for child's cancer care,10.0
42,1,Mobility impairment / criminal activity,4,5,L4→L5,Gambling for child's cancer care,10.0
43,1,Mobility impairment / criminal activity,4,5,L4→L5,Gambling for child's cancer care,10.0
44,1,Mobility impairment / criminal activity,4,5,L4→L5,Gambling for child's cancer care,10.0
45,1,Mobility impairment / criminal activity,4,5,L4→L5,Gambling for child's cancer care,5.0
46,1,Mobility impairment / criminal activity,4,5,L4→L5,Gambling for child's cancer care,5.0
47,1,Mobility impairment / criminal activity,4,5,L4→L5,Gambling for child's cancer care,10.0
48,1,Mobility impairment / criminal activity,4,5,L4→L5,Gambling for child's cancer care,10.0
49,1,Mobility impairment / criminal activity,4,5,L4→L5,Gambling for child's cancer care,20.0
50,1,Mobility impairment / criminal activity,4,5,L4→L5,Gambling for child's cancer care,5.0
1,2,Pregnancy loss / abortion,1,2,L1→L2,Pregnancy loss,10.0
2,2,Pregnancy loss / abortion,1,2,L1→L2,Pregnancy loss,5.000000000000007
3,2,Pregnancy loss / abortion,1,2,L1→L2,Pregnancy loss,10.0
4,2,Pregnancy loss / abortion,1,2,L1→L2,Pregnancy loss,10.0
5,2,Pregnancy loss / abortion,1,2,L1→L2,Pregnancy loss,5.000000000000007
6,2,Pregnancy loss / abortion,1,2,L1→L2,Pregnancy loss,10.0
7,2,Pregnancy loss / abortion,1,2,L1→L2,Pregnancy loss,10.0
8,2,Pregnancy loss / abortion,1,2,L1→L2,Pregnancy loss,10.0
9,2,Pregnancy loss / abortion,1,2,L1→L2,Pregnancy loss,10.0
10,2,Pregnancy loss / abortion,1,2,L1→L2,Pregnancy loss,10.0
11,2,Pregnancy loss / abortion,1,2,L1→L2,Pregnancy loss,10.0
12,2,Pregnancy loss / abortion,1,2,L1→L2,Pregnancy loss,5.000000000000007
13,2,Pregnancy loss / abortion,1,2,L1→L2,Pregnancy loss,10.0
14,2,Pregnancy loss / abortion,1,2,L1→L2,Pregnancy loss,10.0
15,2,Pregnancy loss / abortion,1,2,L1→L2,Pregnancy loss,10.0
16,2,Pregnancy loss / abortion,1,2,L1→L2,Pregnancy loss,10.0
17,2,Pregnancy loss / abortion,1,2,L1→L2,Pregnancy loss,10.0
18,2,Pregnancy loss / abortion,1,2,L1→L2,Pregnancy loss,5.000000000000007
19,2,Pregnancy loss / abortion,1,2,L1→L2,Pregnancy loss,10.0
20,2,Pregnancy loss / abortion,1,2,L1→L2,Pregnancy loss,10.0
21,2,Pregnancy loss / abortion,1,2,L1→L2,Pregnancy loss,5.000000000000007
22,2,Pregnancy loss / abortion,1,2,L1→L2,Pregnancy loss,10.0
23,2,Pregnancy loss / abortion,1,2,L1→L2,Pregnancy loss,10.0
24,2,Pregnancy loss / abortion,1,2,L1→L2,Pregnancy loss,10.0
25,2,Pregnancy loss / abortion,1,2,L1→L2,Pregnancy loss,10.0
26,2,Pregnancy loss / abortion,1,2,L1→L2,Pregnancy loss,10.0
27,2,Pregnancy loss / abortion,1,2,L1→L2,Pregnancy loss,10.0
28,2,Pregnancy loss / abortion,1,2,L1→L2,Pregnancy loss,10.0
29,2,Pregnancy loss / abortion,1,2,L1→L2,Pregnancy loss,10.0
30,2,Pregnancy loss / abortion,1,2,L1→L2,Pregnancy loss,10.0
31,2,Pregnancy loss / abortion,1,2,L1→L2,Pregnancy loss,10.0
32,2,Pregnancy loss / abortion,1,2,L1→L2,Pregnancy loss,10.0
33,2,Pregnancy loss / abortion,1,2,L1→L2,Pregnancy loss,10.0
34,2,Pregnancy loss / abortion,1,2,L1→L2,Pregnancy loss,10.0
35,2,Pregnancy loss / abortion,1,2,L1→L2,Pregnancy loss,5.000000000000007
36,2,Pregnancy loss / abortion,1,2,L1→L2,Pregnancy loss,10.0
37,2,Pregnancy loss / abortion,1,2,L1→L2,Pregnancy loss,10.0
38,2,Pregnancy loss / abortion,1,2,L1→L2,Pregnancy loss,10.0
39,2,Pregnancy loss / abortion,1,2,L1→L2,Pregnancy loss,10.0
40,2,Pregnancy loss / abortion,1,2,L1→L2,Pregnancy loss,10.0
41,2,Pregnancy loss / abortion,1,2,L1→L2,Pregnancy loss,10.0
42,2,Pregnancy loss / abortion,1,2,L1→L2,Pregnancy loss,10.0
43,2,Pregnancy loss / abortion,1,2,L1→L2,Pregnancy loss,10.0
44,2,Pregnancy loss / abortion,1,2,L1→L2,Pregnancy loss,10.0
45,2,Pregnancy loss / abortion,1,2,L1→L2,Pregnancy loss,10.0
46,2,Pregnancy loss / abortion,1,2,L1→L2,Pregnancy loss,10.0
47,2,Pregnancy loss / abortion,1,2,L1→L2,Pregnancy loss,10.0
48,2,Pregnancy loss / abortion,1,2,L1→L2,Pregnancy loss,10.0
49,2,Pregnancy loss / abortion,1,2,L1→L2,Pregnancy loss,10.0
50,2,Pregnancy loss / abortion,1,2,L1→L2,Pregnancy loss,10.0
1,2,Pregnancy loss / abortion,2,3,L2→L3,Abortion,-5.0
2,2,Pregnancy loss / abortion,2,3,L2→L3,Abortion,0.0
3,2,Pregnancy loss / abortion,2,3,L2→L3,Abortion,-5.0
4,2,Pregnancy loss / abortion,2,3,L2→L3,Abortion,-10.0
5,2,Pregnancy loss / abortion,2,3,L2→L3,Abortion,0.0
6,2,Pregnancy loss / abortion,2,3,L2→L3,Abortion,-4.999999999999993
7,2,Pregnancy loss / abortion,2,3,L2→L3,Abortion,-10.0
8,2,Pregnancy loss / abortion,2,3,L2→L3,Abortion,-10.0
9,2,Pregnancy loss / abortion,2,3,L2→L3,Abortion,-5.0
10,2,Pregnancy loss / abortion,2,3,L2→L3,Abortion,0.0
11,2,Pregnancy loss / abortion,2,3,L2→L3,Abortion,0.0
12,2,Pregnancy loss / abortion,2,3,L2→L3,Abortion,0.0
13,2,Pregnancy loss / abortion,2,3,L2→L3,Abortion,-4.999999999999993
14,2,Pregnancy loss / abortion,2,3,L2→L3,Abortion,-4.999999999999993
15,2,Pregnancy loss / abortion,2,3,L2→L3,Abortion,0.0
16,2,Pregnancy loss / abortion,2,3,L2→L3,Abortion,-4.999999999999993
17,2,Pregnancy loss / abortion,2,3,L2→L3,Abortion,-10.0
18,2,Pregnancy loss / abortion,2,3,L2→L3,Abortion,0.0
19,2,Pregnancy loss / abortion,2,3,L2→L3,Abortion,-10.0
20,2,Pregnancy loss / abortion,2,3,L2→L3,Abortion,-10.0
21,2,Pregnancy loss / abortion,2,3,L2→L3,Abortion,-5.000000000000007
22,2,Pregnancy loss / abortion,2,3,L2→L3,Abortion,0.0
23,2,Pregnancy loss / abortion,2,3,L2→L3,Abortion,0.0
24,2,Pregnancy loss / abortion,2,3,L2→L3,Abortion,-4.999999999999993
25,2,Pregnancy loss / abortion,2,3,L2→L3,Abortion,-5.0
26,2,Pregnancy loss / abortion,2,3,L2→L3,Abortion,-4.999999999999993
27,2,Pregnancy loss / abortion,2,3,L2→L3,Abortion,-4.999999999999993
28,2,Pregnancy loss / abortion,2,3,L2→L3,Abortion,-4.999999999999993
29,2,Pregnancy loss / abortion,2,3,L2→L3,Abortion,-4.999999999999993
30,2,Pregnancy loss / abortion,2,3,L2→L3,Abortion,0.0
31,2,Pregnancy loss / abortion,2,3,L2→L3,Abortion,0.0
32,2,Pregnancy loss / abortion,2,3,L2→L3,Abortion,-4.999999999999993
33,2,Pregnancy loss / abortion,2,3,L2→L3,Abortion,0.0
34,2,Pregnancy loss / abortion,2,3,L2→L3,Abortion,10.0
35,2,Pregnancy loss / abortion,2,3,L2→L3,Abortion,0.0
36,2,Pregnancy loss / abortion,2,3,L2→L3,Abortion,0.0
37,2,Pregnancy loss / abortion,2,3,L2→L3,Abortion,0.0
38,2,Pregnancy loss / abortion,2,3,L2→L3,Abortion,-10.0
39,2,Pregnancy loss / abortion,2,3,L2→L3,Abortion,-5.0
40,2,Pregnancy loss / abortion,2,3,L2→L3,Abortion,-5.0
41,2,Pregnancy loss / abortion,2,3,L2→L3,Abortion,-5.0
42,2,Pregnancy loss / abortion,2,3,L2→L3,Abortion,-5.0
43,2,Pregnancy loss / abortion,2,3,L2→L3,Abortion,-5.0
44,2,Pregnancy loss / abortion,2,3,L2→L3,Abortion,-10.0
45,2,Pregnancy loss / abortion,2,3,L2→L3,Abortion,-10.0
46,2,Pregnancy loss / abortion,2,3,L2→L3,Abortion,-10.0
47,2,Pregnancy loss / abortion,2,3,L2→L3,Abortion,-10.0
48,2,Pregnancy loss / abortion,2,3,L2→L3,Abortion,-10.0
49,2,Pregnancy loss / abortion,2,3,L2→L3,Abortion,-10.0
50,2,Pregnancy loss / abortion,2,3,L2→L3,Abortion,-10.0
1,2,Pregnancy loss / abortion,3,4,L3→L4,Life-saving medical abortion,5.0
2,2,Pregnancy loss / abortion,3,4,L3→L4,Life-saving medical abortion,4.999999999999993
3,2,Pregnancy loss / abortion,3,4,L3→L4,Life-saving medical abortion,5.0
4,2,Pregnancy loss / abortion,3,4,L3→L4,Life-saving medical abortion,10.0
5,2,Pregnancy loss / abortion,3,4,L3→L4,Life-saving medical abortion,4.999999999999993
6,2,Pregnancy loss / abortion,3,4,L3→L4,Life-saving medical abortion,4.999999999999993
7,2,Pregnancy loss / abortion,3,4,L3→L4,Life-saving medical abortion,10.0
8,2,Pregnancy loss / abortion,3,4,L3→L4,Life-saving medical abortion,10.0
9,2,Pregnancy loss / abortion,3,4,L3→L4,Life-saving medical abortion,5.0
10,2,Pregnancy loss / abortion,3,4,L3→L4,Life-saving medical abortion,10.0
11,2,Pregnancy loss / abortion,3,4,L3→L4,Life-saving medical abortion,0.0
12,2,Pregnancy loss / abortion,3,4,L3→L4,Life-saving medical abortion,4.999999999999993
13,2,Pregnancy loss / abortion,3,4,L3→L4,Life-saving medical abortion,4.999999999999993
14,2,Pregnancy loss / abortion,3,4,L3→L4,Life-saving medical abortion,4.999999999999993
15,2,Pregnancy loss / abortion,3,4,L3→L4,Life-saving medical abortion,10.0
16,2,Pregnancy loss / abortion,3,4,L3→L4,Life-saving medical abortion,4.999999999999993
17,2,Pregnancy loss / abortion,3,4,L3→L4,Life-saving medical abortion,10.0
18,2,Pregnancy loss / abortion,3,4,L3→L4,Life-saving medical abortion,4.999999999999993
19,2,Pregnancy loss / abortion,3,4,L3→L4,Life-saving medical abortion,10.0
20,2,Pregnancy loss / abortion,3,4,L3→L4,Life-saving medical abortion,10.0
21,2,Pregnancy loss / abortion,3,4,L3→L4,Life-saving medical abortion,10.0
22,2,Pregnancy loss / abortion,3,4,L3→L4,Life-saving medical abortion,10.0
23,2,Pregnancy loss / abortion,3,4,L3→L4,Life-saving medical abortion,10.0
24,2,Pregnancy loss / abortion,3,4,L3→L4,Life-saving medical abortion,14.999999999999993
25,2,Pregnancy loss / abortion,3,4,L3→L4,Life-saving medical abortion,5.0
26,2,Pregnancy loss / abortion,3,4,L3→L4,Life-saving medical abortion,4.999999999999993
27,2,Pregnancy loss / abortion,3,4,L3→L4,Life-saving medical abortion,4.999999999999993
28,2,Pregnancy loss / abortion,3,4,L3→L4,Life-saving medical abortion,4.999999999999993
29,2,Pregnancy loss / abortion,3,4,L3→L4,Life-saving medical abortion,4.999999999999993
30,2,Pregnancy loss / abortion,3,4,L3→L4,Life-saving medical abortion,10.0
31,2,Pregnancy loss / abortion,3,4,L3→L4,Life-saving medical abortion,10.0
32,2,Pregnancy loss / abortion,3,4,L3→L4,Life-saving medical abortion,4.999999999999993
33,2,Pregnancy loss / abortion,3,4,L3→L4,Life-saving medical abortion,10.0
34,2,Pregnancy loss / abortion,3,4,L3→L4,Life-saving medical abortion,20.0
35,2,Pregnancy loss / abortion,3,4,L3→L4,Life-saving medical abortion,4.999999999999993
36,2,Pregnancy loss / abortion,3,4,L3→L4,Life-saving medical abortion,10.0
37,2,Pregnancy loss / abortion,3,4,L3→L4,Life-saving medical abortion,10.0
38,2,Pregnancy loss / abortion,3,4,L3→L4,Life-saving medical abortion,10.0
39,2,Pregnancy loss / abortion,3,4,L3→L4,Life-saving medical abortion,5.0
40,2,Pregnancy loss / abortion,3,4,L3→L4,Life-saving medical abortion,5.0
41,2,Pregnancy loss / abortion,3,4,L3→L4,Life-saving medical abortion,5.0
42,2,Pregnancy loss / abortion,3,4,L3→L4,Life-saving medical abortion,5.0
43,2,Pregnancy loss / abortion,3,4,L3→L4,Life-saving medical abortion,5.0
44,2,Pregnancy loss / abortion,3,4,L3→L4,Life-saving medical abortion,10.0
45,2,Pregnancy loss / abortion,3,4,L3→L4,Life-saving medical abortion,10.0
46,2,Pregnancy loss / abortion,3,4,L3→L4,Life-saving medical abortion,10.0
47,2,Pregnancy loss / abortion,3,4,L3→L4,Life-saving medical abortion,10.0
48,2,Pregnancy loss / abortion,3,4,L3→L4,Life-saving medical abortion,10.0
49,2,Pregnancy loss / abortion,3,4,L3→L4,Life-saving medical abortion,10.0
50,2,Pregnancy loss / abortion,3,4,L3→L4,Life-saving medical abortion,10.0
1,2,Pregnancy loss / abortion,4,5,L4→L5,Incest complications,10.0
2,2,Pregnancy loss / abortion,4,5,L4→L5,Incest complications,10.0
3,2,Pregnancy loss / abortion,4,5,L4→L5,Incest complications,5.000000000000007
4,2,Pregnancy loss / abortion,4,5,L4→L5,Incest complications,10.0
5,2,Pregnancy loss / abortion,4,5,L4→L5,Incest complications,10.0
6,2,Pregnancy loss / abortion,4,5,L4→L5,Incest complications,10.0
7,2,Pregnancy loss / abortion,4,5,L4→L5,Incest complications,10.0
8,2,Pregnancy loss / abortion,4,5,L4→L5,Incest complications,10.0
9,2,Pregnancy loss / abortion,4,5,L4→L5,Incest complications,10.0
10,2,Pregnancy loss / abortion,4,5,L4→L5,Incest complications,10.0
11,2,Pregnancy loss / abortion,4,5,L4→L5,Incest complications,10.0
12,2,Pregnancy loss / abortion,4,5,L4→L5,Incest complications,10.0
13,2,Pregnancy loss / abortion,4,5,L4→L5,Incest complications,10.0
14,2,Pregnancy loss / abortion,4,5,L4→L5,Incest complications,5.0
15,2,Pregnancy loss / abortion,4,5,L4→L5,Incest complications,10.0
16,2,Pregnancy loss / abortion,4,5,L4→L5,Incest complications,10.0
17,2,Pregnancy loss / abortion,4,5,L4→L5,Incest complications,10.0
18,2,Pregnancy loss / abortion,4,5,L4→L5,Incest complications,5.0
19,2,Pregnancy loss / abortion,4,5,L4→L5,Incest complications,10.0
20,2,Pregnancy loss / abortion,4,5,L4→L5,Incest complications,10.0
21,2,Pregnancy loss / abortion,4,5,L4→L5,Incest complications,10.0
22,2,Pregnancy loss / abortion,4,5,L4→L5,Incest complications,10.0
23,2,Pregnancy loss / abortion,4,5,L4→L5,Incest complications,10.0
24,2,Pregnancy loss / abortion,4,5,L4→L5,Incest complications,10.0
25,2,Pregnancy loss / abortion,4,5,L4→L5,Incest complications,10.0
26,2,Pregnancy loss / abortion,4,5,L4→L5,Incest complications,10.0
27,2,Pregnancy loss / abortion,4,5,L4→L5,Incest complications,10.0
28,2,Pregnancy loss / abortion,4,5,L4→L5,Incest complications,10.0
29,2,Pregnancy loss / abortion,4,5,L4→L5,Incest complications,10.0
30,2,Pregnancy loss / abortion,4,5,L4→L5,Incest complications,10.0
31,2,Pregnancy loss / abortion,4,5,L4→L5,Incest complications,10.0
32,2,Pregnancy loss / abortion,4,5,L4→L5,Incest complications,10.0
33,2,Pregnancy loss / abortion,4,5,L4→L5,Incest complications,10.0
34,2,Pregnancy loss / abortion,4,5,L4→L5,Incest complications,5.0
35,2,Pregnancy loss / abortion,4,5,L4→L5,Incest complications,10.0
36,2,Pregnancy loss / abortion,4,5,L4→L5,Incest complications,10.0
37,2,Pregnancy loss / abortion,4,5,L4→L5,Incest complications,10.0
38,2,Pregnancy loss / abortion,4,5,L4→L5,Incest complications,10.0
39,2,Pregnancy loss / abortion,4,5,L4→L5,Incest complications,10.0
40,2,Pregnancy loss / abortion,4,5,L4→L5,Incest complications,10.0
41,2,Pregnancy loss / abortion,4,5,L4→L5,Incest complications,10.0
42,2,Pregnancy loss / abortion,4,5,L4→L5,Incest complications,10.0
43,2,Pregnancy loss / abortion,4,5,L4→L5,Incest complications,10.0
44,2,Pregnancy loss / abortion,4,5,L4→L5,Incest complications,10.0
45,2,Pregnancy loss / abortion,4,5,L4→L5,Incest complications,10.0
46,2,Pregnancy loss / abortion,4,5,L4→L5,Incest complications,10.0
47,2,Pregnancy loss / abortion,4,5,L4→L5,Incest complications,10.0
48,2,Pregnancy loss / abortion,4,5,L4→L5,Incest complications,10.0
49,2,Pregnancy loss / abortion,4,5,L4→L5,Incest complications,10.0
50,2,Pregnancy loss / abortion,4,5,L4→L5,Incest complications,10.0
1,3,Communication trauma / insurgency,1,2,L1→L2,Trauma,5.0
2,3,Communication trauma / insurgency,1,2,L1→L2,Trauma,5.0
3,3,Communication trauma / insurgency,1,2,L1→L2,Trauma,5.0
4,3,Communication trauma / insurgency,1,2,L1→L2,Trauma,5.0
5,3,Communication trauma / insurgency,1,2,L1→L2,Trauma,10.0
6,3,Communication trauma / insurgency,1,2,L1→L2,Trauma,5.0
7,3,Communication trauma / insurgency,1,2,L1→L2,Trauma,5.0
8,3,Communication trauma / insurgency,1,2,L1→L2,Trauma,5.0
9,3,Communication trauma / insurgency,1,2,L1→L2,Trauma,5.0
10,3,Communication trauma / insurgency,1,2,L1→L2,Trauma,5.0
11,3,Communication trauma / insurgency,1,2,L1→L2,Trauma,5.0
12,3,Communication trauma / insurgency,1,2,L1→L2,Trauma,5.0
13,3,Communication trauma / insurgency,1,2,L1→L2,Trauma,5.0
14,3,Communication trauma / insurgency,1,2,L1→L2,Trauma,5.0
15,3,Communication trauma / insurgency,1,2,L1→L2,Trauma,5.0
16,3,Communication trauma / insurgency,1,2,L1→L2,Trauma,5.0
17,3,Communication trauma / insurgency,1,2,L1→L2,Trauma,5.0
18,3,Communication trauma / insurgency,1,2,L1→L2,Trauma,5.0
19,3,Communication trauma / insurgency,1,2,L1→L2,Trauma,10.0
20,3,Communication trauma / insurgency,1,2,L1→L2,Trauma,5.0
21,3,Communication trauma / insurgency,1,2,L1→L2,Trauma,5.0
22,3,Communication trauma / insurgency,1,2,L1→L2,Trauma,5.0
23,3,Communication trauma / insurgency,1,2,L1→L2,Trauma,10.0
24,3,Communication trauma / insurgency,1,2,L1→L2,Trauma,5.0
25,3,Communication trauma / insurgency,1,2,L1→L2,Trauma,5.0
26,3,Communication trauma / insurgency,1,2,L1→L2,Trauma,5.0
27,3,Communication trauma / insurgency,1,2,L1→L2,Trauma,10.0
28,3,Communication trauma / insurgency,1,2,L1→L2,Trauma,5.0
29,3,Communication trauma / insurgency,1,2,L1→L2,Trauma,5.0
30,3,Communication trauma / insurgency,1,2,L1→L2,Trauma,5.0
31,3,Communication trauma / insurgency,1,2,L1→L2,Trauma,5.0
32,3,Communication trauma / insurgency,1,2,L1→L2,Trauma,5.0
33,3,Communication trauma / insurgency,1,2,L1→L2,Trauma,5.0
34,3,Communication trauma / insurgency,1,2,L1→L2,Trauma,5.0
35,3,Communication trauma / insurgency,1,2,L1→L2,Trauma,5.0
36,3,Communication trauma / insurgency,1,2,L1→L2,Trauma,5.0
37,3,Communication trauma / insurgency,1,2,L1→L2,Trauma,10.0
38,3,Communication trauma / insurgency,1,2,L1→L2,Trauma,5.0
39,3,Communication trauma / insurgency,1,2,L1→L2,Trauma,10.0
40,3,Communication trauma / insurgency,1,2,L1→L2,Trauma,5.0
41,3,Communication trauma / insurgency,1,2,L1→L2,Trauma,5.0
42,3,Communication trauma / insurgency,1,2,L1→L2,Trauma,5.0
43,3,Communication trauma / insurgency,1,2,L1→L2,Trauma,10.0
44,3,Communication trauma / insurgency,1,2,L1→L2,Trauma,5.0
45,3,Communication trauma / insurgency,1,2,L1→L2,Trauma,5.0
46,3,Communication trauma / insurgency,1,2,L1→L2,Trauma,5.0
47,3,Communication trauma / insurgency,1,2,L1→L2,Trauma,10.0
48,3,Communication trauma / insurgency,1,2,L1→L2,Trauma,5.0
49,3,Communication trauma / insurgency,1,2,L1→L2,Trauma,10.0
50,3,Communication trauma / insurgency,1,2,L1→L2,Trauma,5.0
1,3,Communication trauma / insurgency,2,3,L2→L3,Trauma as insurgent,5.0
2,3,Communication trauma / insurgency,2,3,L2→L3,Trauma as insurgent,5.0
3,3,Communication trauma / insurgency,2,3,L2→L3,Trauma as insurgent,5.0
4,3,Communication trauma / insurgency,2,3,L2→L3,Trauma as insurgent,5.0
5,3,Communication trauma / insurgency,2,3,L2→L3,Trauma as insurgent,5.0
6,3,Communication trauma / insurgency,2,3,L2→L3,Trauma as insurgent,5.0
7,3,Communication trauma / insurgency,2,3,L2→L3,Trauma as insurgent,5.0
8,3,Communication trauma / insurgency,2,3,L2→L3,Trauma as insurgent,5.0
9,3,Communication trauma / insurgency,2,3,L2→L3,Trauma as insurgent,5.0
10,3,Communication trauma / insurgency,2,3,L2→L3,Trauma as insurgent,5.0
11,3,Communication trauma / insurgency,2,3,L2→L3,Trauma as insurgent,5.0
12,3,Communication trauma / insurgency,2,3,L2→L3,Trauma as insurgent,5.0
13,3,Communication trauma / insurgency,2,3,L2→L3,Trauma as insurgent,5.0
14,3,Communication trauma / insurgency,2,3,L2→L3,Trauma as insurgent,5.0
15,3,Communication trauma / insurgency,2,3,L2→L3,Trauma as insurgent,5.0
16,3,Communication trauma / insurgency,2,3,L2→L3,Trauma as insurgent,5.0
17,3,Communication trauma / insurgency,2,3,L2→L3,Trauma as insurgent,5.0
18,3,Communication trauma / insurgency,2,3,L2→L3,Trauma as insurgent,5.0
19,3,Communication trauma / insurgency,2,3,L2→L3,Trauma as insurgent,5.0
20,3,Communication trauma / insurgency,2,3,L2→L3,Trauma as insurgent,5.0
21,3,Communication trauma / insurgency,2,3,L2→L3,Trauma as insurgent,5.0
22,3,Communication trauma / insurgency,2,3,L2→L3,Trauma as insurgent,5.0
23,3,Communication trauma / insurgency,2,3,L2→L3,Trauma as insurgent,5.0
24,3,Communication trauma / insurgency,2,3,L2→L3,Trauma as insurgent,5.0
25,3,Communication trauma / insurgency,2,3,L2→L3,Trauma as insurgent,5.0
26,3,Communication trauma / insurgency,2,3,L2→L3,Trauma as insurgent,5.0
27,3,Communication trauma / insurgency,2,3,L2→L3,Trauma as insurgent,5.0
28,3,Communication trauma / insurgency,2,3,L2→L3,Trauma as insurgent,5.0
29,3,Communication trauma / insurgency,2,3,L2→L3,Trauma as insurgent,5.0
30,3,Communication trauma / insurgency,2,3,L2→L3,Trauma as insurgent,5.0
31,3,Communication trauma / insurgency,2,3,L2→L3,Trauma as insurgent,5.0
32,3,Communication trauma / insurgency,2,3,L2→L3,Trauma as insurgent,5.0
33,3,Communication trauma / insurgency,2,3,L2→L3,Trauma as insurgent,5.0
34,3,Communication trauma / insurgency,2,3,L2→L3,Trauma as insurgent,5.0
35,3,Communication trauma / insurgency,2,3,L2→L3,Trauma as insurgent,5.0
36,3,Communication trauma / insurgency,2,3,L2→L3,Trauma as insurgent,5.0
37,3,Communication trauma / insurgency,2,3,L2→L3,Trauma as insurgent,5.0
38,3,Communication trauma / insurgency,2,3,L2→L3,Trauma as insurgent,5.0
39,3,Communication trauma / insurgency,2,3,L2→L3,Trauma as insurgent,5.0
40,3,Communication trauma / insurgency,2,3,L2→L3,Trauma as insurgent,5.0
41,3,Communication trauma / insurgency,2,3,L2→L3,Trauma as insurgent,5.0
42,3,Communication trauma / insurgency,2,3,L2→L3,Trauma as insurgent,5.0
43,3,Communication trauma / insurgency,2,3,L2→L3,Trauma as insurgent,5.0
44,3,Communication trauma / insurgency,2,3,L2→L3,Trauma as insurgent,5.0
45,3,Communication trauma / insurgency,2,3,L2→L3,Trauma as insurgent,5.0
46,3,Communication trauma / insurgency,2,3,L2→L3,Trauma as insurgent,5.0
47,3,Communication trauma / insurgency,2,3,L2→L3,Trauma as insurgent,5.0
48,3,Communication trauma / insurgency,2,3,L2→L3,Trauma as insurgent,5.0
49,3,Communication trauma / insurgency,2,3,L2→L3,Trauma as insurgent,10.0
50,3,Communication trauma / insurgency,2,3,L2→L3,Trauma as insurgent,5.0
1,3,Communication trauma / insurgency,3,4,L3→L4,Family killed in drone bombing,5.0
2,3,Communication trauma / insurgency,3,4,L3→L4,Family killed in drone bombing,5.0
3,3,Communication trauma / insurgency,3,4,L3→L4,Family killed in drone bombing,5.0
4,3,Communication trauma / insurgency,3,4,L3→L4,Family killed in drone bombing,5.0
5,3,Communication trauma / insurgency,3,4,L3→L4,Family killed in drone bombing,5.0
6,3,Communication trauma / insurgency,3,4,L3→L4,Family killed in drone bombing,5.0
7,3,Communication trauma / insurgency,3,4,L3→L4,Family killed in drone bombing,5.0
8,3,Communication trauma / insurgency,3,4,L3→L4,Family killed in drone bombing,5.0
9,3,Communication trauma / insurgency,3,4,L3→L4,Family killed in drone bombing,5.0
10,3,Communication trauma / insurgency,3,4,L3→L4,Family killed in drone bombing,5.0
11,3,Communication trauma / insurgency,3,4,L3→L4,Family killed in drone bombing,5.0
12,3,Communication trauma / insurgency,3,4,L3→L4,Family killed in drone bombing,5.0
13,3,Communication trauma / insurgency,3,4,L3→L4,Family killed in drone bombing,5.0
14,3,Communication trauma / insurgency,3,4,L3→L4,Family killed in drone bombing,5.0
15,3,Communication trauma / insurgency,3,4,L3→L4,Family killed in drone bombing,5.0
16,3,Communication trauma / insurgency,3,4,L3→L4,Family killed in drone bombing,5.0
17,3,Communication trauma / insurgency,3,4,L3→L4,Family killed in drone bombing,5.0
18,3,Communication trauma / insurgency,3,4,L3→L4,Family killed in drone bombing,5.0
19,3,Communication trauma / insurgency,3,4,L3→L4,Family killed in drone bombing,5.0
20,3,Communication trauma / insurgency,3,4,L3→L4,Family killed in drone bombing,5.0
21,3,Communication trauma / insurgency,3,4,L3→L4,Family killed in drone bombing,5.0
22,3,Communication trauma / insurgency,3,4,L3→L4,Family killed in drone bombing,5.0
23,3,Communication trauma / insurgency,3,4,L3→L4,Family killed in drone bombing,5.0
24,3,Communication trauma / insurgency,3,4,L3→L4,Family killed in drone bombing,5.0
25,3,Communication trauma / insurgency,3,4,L3→L4,Family killed in drone bombing,5.0
26,3,Communication trauma / insurgency,3,4,L3→L4,Family killed in drone bombing,5.0
27,3,Communication trauma / insurgency,3,4,L3→L4,Family killed in drone bombing,5.0
28,3,Communication trauma / insurgency,3,4,L3→L4,Family killed in drone bombing,5.0
29,3,Communication trauma / insurgency,3,4,L3→L4,Family killed in drone bombing,5.0
30,3,Communication trauma / insurgency,3,4,L3→L4,Family killed in drone bombing,5.0
31,3,Communication trauma / insurgency,3,4,L3→L4,Family killed in drone bombing,5.0
32,3,Communication trauma / insurgency,3,4,L3→L4,Family killed in drone bombing,5.0
33,3,Communication trauma / insurgency,3,4,L3→L4,Family killed in drone bombing,5.0
34,3,Communication trauma / insurgency,3,4,L3→L4,Family killed in drone bombing,5.0
35,3,Communication trauma / insurgency,3,4,L3→L4,Family killed in drone bombing,5.0
36,3,Communication trauma / insurgency,3,4,L3→L4,Family killed in drone bombing,5.0
37,3,Communication trauma / insurgency,3,4,L3→L4,Family killed in drone bombing,5.0
38,3,Communication trauma / insurgency,3,4,L3→L4,Family killed in drone bombing,5.0
39,3,Communication trauma / insurgency,3,4,L3→L4,Family killed in drone bombing,5.0
40,3,Communication trauma / insurgency,3,4,L3→L4,Family killed in drone bombing,5.0
41,3,Communication trauma / insurgency,3,4,L3→L4,Family killed in drone bombing,5.0
42,3,Communication trauma / insurgency,3,4,L3→L4,Family killed in drone bombing,5.0
43,3,Communication trauma / insurgency,3,4,L3→L4,Family killed in drone bombing,5.0
44,3,Communication trauma / insurgency,3,4,L3→L4,Family killed in drone bombing,5.0
45,3,Communication trauma / insurgency,3,4,L3→L4,Family killed in drone bombing,5.0
46,3,Communication trauma / insurgency,3,4,L3→L4,Family killed in drone bombing,5.0
47,3,Communication trauma / insurgency,3,4,L3→L4,Family killed in drone bombing,5.0
48,3,Communication trauma / insurgency,3,4,L3→L4,Family killed in drone bombing,5.0
49,3,Communication trauma / insurgency,3,4,L3→L4,Family killed in drone bombing,10.0
50,3,Communication trauma / insurgency,3,4,L3→L4,Family killed in drone bombing,5.0
1,3,Communication trauma / insurgency,4,5,L4→L5,Family in insurgency leadership,-5.0
2,3,Communication trauma / insurgency,4,5,L4→L5,Family in insurgency leadership,-5.0
3,3,Communication trauma / insurgency,4,5,L4→L5,Family in insurgency leadership,-5.0
4,3,Communication trauma / insurgency,4,5,L4→L5,Family in insurgency leadership,-5.0
5,3,Communication trauma / insurgency,4,5,L4→L5,Family in insurgency leadership,-5.0
6,3,Communication trauma / insurgency,4,5,L4→L5,Family in insurgency leadership,-5.0
7,3,Communication trauma / insurgency,4,5,L4→L5,Family in insurgency leadership,-5.0
8,3,Communication trauma / insurgency,4,5,L4→L5,Family in insurgency leadership,-5.0
9,3,Communication trauma / insurgency,4,5,L4→L5,Family in insurgency leadership,-5.0
10,3,Communication trauma / insurgency,4,5,L4→L5,Family in insurgency leadership,-5.0
11,3,Communication trauma / insurgency,4,5,L4→L5,Family in insurgency leadership,0.0
12,3,Communication trauma / insurgency,4,5,L4→L5,Family in insurgency leadership,-5.0
13,3,Communication trauma / insurgency,4,5,L4→L5,Family in insurgency leadership,-15.0
14,3,Communication trauma / insurgency,4,5,L4→L5,Family in insurgency leadership,-5.0
15,3,Communication trauma / insurgency,4,5,L4→L5,Family in insurgency leadership,-5.0
16,3,Communication trauma / insurgency,4,5,L4→L5,Family in insurgency leadership,-5.0
17,3,Communication trauma / insurgency,4,5,L4→L5,Family in insurgency leadership,-5.0
18,3,Communication trauma / insurgency,4,5,L4→L5,Family in insurgency leadership,-5.0
19,3,Communication trauma / insurgency,4,5,L4→L5,Family in insurgency leadership,-10.0
20,3,Communication trauma / insurgency,4,5,L4→L5,Family in insurgency leadership,-5.0
21,3,Communication trauma / insurgency,4,5,L4→L5,Family in insurgency leadership,-5.0
22,3,Communication trauma / insurgency,4,5,L4→L5,Family in insurgency leadership,-5.0
23,3,Communication trauma / insurgency,4,5,L4→L5,Family in insurgency leadership,-5.0
24,3,Communication trauma / insurgency,4,5,L4→L5,Family in insurgency leadership,-2.5
25,3,Communication trauma / insurgency,4,5,L4→L5,Family in insurgency leadership,-5.0
26,3,Communication trauma / insurgency,4,5,L4→L5,Family in insurgency leadership,-5.0
27,3,Communication trauma / insurgency,4,5,L4→L5,Family in insurgency leadership,-10.0
28,3,Communication trauma / insurgency,4,5,L4→L5,Family in insurgency leadership,-5.0
29,3,Communication trauma / insurgency,4,5,L4→L5,Family in insurgency leadership,-5.0
30,3,Communication trauma / insurgency,4,5,L4→L5,Family in insurgency leadership,-5.0
31,3,Communication trauma / insurgency,4,5,L4→L5,Family in insurgency leadership,-5.0
32,3,Communication trauma / insurgency,4,5,L4→L5,Family in insurgency leadership,-5.0
33,3,Communication trauma / insurgency,4,5,L4→L5,Family in insurgency leadership,-5.0
34,3,Communication trauma / insurgency,4,5,L4→L5,Family in insurgency leadership,-15.0
35,3,Communication trauma / insurgency,4,5,L4→L5,Family in insurgency leadership,-5.0
36,3,Communication trauma / insurgency,4,5,L4→L5,Family in insurgency leadership,-5.0
37,3,Communication trauma / insurgency,4,5,L4→L5,Family in insurgency leadership,-10.0
38,3,Communication trauma / insurgency,4,5,L4→L5,Family in insurgency leadership,5.0
39,3,Communication trauma / insurgency,4,5,L4→L5,Family in insurgency leadership,-10.0
40,3,Communication trauma / insurgency,4,5,L4→L5,Family in insurgency leadership,-5.0
41,3,Communication trauma / insurgency,4,5,L4→L5,Family in insurgency leadership,-5.0
42,3,Communication trauma / insurgency,4,5,L4→L5,Family in insurgency leadership,-5.0
43,3,Communication trauma / insurgency,4,5,L4→L5,Family in insurgency leadership,-10.0
44,3,Communication trauma / insurgency,4,5,L4→L5,Family in insurgency leadership,-5.0
45,3,Communication trauma / insurgency,4,5,L4→L5,Family in insurgency leadership,-5.0
46,3,Communication trauma / insurgency,4,5,L4→L5,Family in insurgency leadership,-5.0
47,3,Communication trauma / insurgency,4,5,L4→L5,Family in insurgency leadership,-10.0
48,3,Communication trauma / insurgency,4,5,L4→L5,Family in insurgency leadership,-15.0
49,3,Communication trauma / insurgency,4,5,L4→L5,Family in insurgency leadership,-5.0
50,3,Communication trauma / insurgency,4,5,L4→L5,Family in insurgency leadership,-5.0
1,4,Disability / drunk-driving accident,1,2,L1→L2,Drunk driving,-10.0
2,4,Disability / drunk-driving accident,1,2,L1→L2,Drunk driving,-30.0
3,4,Disability / drunk-driving accident,1,2,L1→L2,Drunk driving,-10.0
4,4,Disability / drunk-driving accident,1,2,L1→L2,Drunk driving,-10.0
5,4,Disability / drunk-driving accident,1,2,L1→L2,Drunk driving,-10.0
6,4,Disability / drunk-driving accident,1,2,L1→L2,Drunk driving,-10.0
7,4,Disability / drunk-driving accident,1,2,L1→L2,Drunk driving,-20.0
8,4,Disability / drunk-driving accident,1,2,L1→L2,Drunk driving,-10.0
9,4,Disability / drunk-driving accident,1,2,L1→L2,Drunk driving,-10.0
10,4,Disability / drunk-driving accident,1,2,L1→L2,Drunk driving,-10.0
11,4,Disability / drunk-driving accident,1,2,L1→L2,Drunk driving,-10.0
12,4,Disability / drunk-driving accident,1,2,L1→L2,Drunk driving,-10.0
13,4,Disability / drunk-driving accident,1,2,L1→L2,Drunk driving,-10.0
14,4,Disability / drunk-driving accident,1,2,L1→L2,Drunk driving,-10.0
15,4,Disability / drunk-driving accident,1,2,L1→L2,Drunk driving,-10.0
16,4,Disability / drunk-driving accident,1,2,L1→L2,Drunk driving,-10.0
17,4,Disability / drunk-driving accident,1,2,L1→L2,Drunk driving,-10.0
18,4,Disability / drunk-driving accident,1,2,L1→L2,Drunk driving,-10.0
19,4,Disability / drunk-driving accident,1,2,L1→L2,Drunk driving,-10.0
20,4,Disability / drunk-driving accident,1,2,L1→L2,Drunk driving,-10.0
21,4,Disability / drunk-driving accident,1,2,L1→L2,Drunk driving,-10.0
22,4,Disability / drunk-driving accident,1,2,L1→L2,Drunk driving,-10.0
23,4,Disability / drunk-driving accident,1,2,L1→L2,Drunk driving,-10.0
24,4,Disability / drunk-driving accident,1,2,L1→L2,Drunk driving,-10.0
25,4,Disability / drunk-driving accident,1,2,L1→L2,Drunk driving,-10.0
26,4,Disability / drunk-driving accident,1,2,L1→L2,Drunk driving,-10.0
27,4,Disability / drunk-driving accident,1,2,L1→L2,Drunk driving,-10.0
28,4,Disability / drunk-driving accident,1,2,L1→L2,Drunk driving,-30.0
29,4,Disability / drunk-driving accident,1,2,L1→L2,Drunk driving,-10.0
30,4,Disability / drunk-driving accident,1,2,L1→L2,Drunk driving,-10.0
31,4,Disability / drunk-driving accident,1,2,L1→L2,Drunk driving,-10.0
32,4,Disability / drunk-driving accident,1,2,L1→L2,Drunk driving,-10.0
33,4,Disability / drunk-driving accident,1,2,L1→L2,Drunk driving,-10.0
34,4,Disability / drunk-driving accident,1,2,L1→L2,Drunk driving,-30.0
35,4,Disability / drunk-driving accident,1,2,L1→L2,Drunk driving,-10.0
36,4,Disability / drunk-driving accident,1,2,L1→L2,Drunk driving,-20.0
37,4,Disability / drunk-driving accident,1,2,L1→L2,Drunk driving,-10.0
38,4,Disability / drunk-driving accident,1,2,L1→L2,Drunk driving,-10.0
39,4,Disability / drunk-driving accident,1,2,L1→L2,Drunk driving,-10.0
40,4,Disability / drunk-driving accident,1,2,L1→L2,Drunk driving,-10.0
41,4,Disability / drunk-driving accident,1,2,L1→L2,Drunk driving,-10.0
42,4,Disability / drunk-driving accident,1,2,L1→L2,Drunk driving,-10.0
43,4,Disability / drunk-driving accident,1,2,L1→L2,Drunk driving,-10.0
44,4,Disability / drunk-driving accident,1,2,L1→L2,Drunk driving,-30.0
45,4,Disability / drunk-driving accident,1,2,L1→L2,Drunk driving,-10.0
46,4,Disability / drunk-driving accident,1,2,L1→L2,Drunk driving,-10.0
47,4,Disability / drunk-driving accident,1,2,L1→L2,Drunk driving,-10.0
48,4,Disability / drunk-driving accident,1,2,L1→L2,Drunk driving,-10.0
49,4,Disability / drunk-driving accident,1,2,L1→L2,Drunk driving,-10.0
50,4,Disability / drunk-driving accident,1,2,L1→L2,Drunk driving,-10.0
1,4,Disability / drunk-driving accident,2,3,L2→L3,Drinking linked to bereavement,5.0
2,4,Disability / drunk-driving accident,2,3,L2→L3,Drinking linked to bereavement,10.0
3,4,Disability / drunk-driving accident,2,3,L2→L3,Drinking linked to bereavement,10.0
4,4,Disability / drunk-driving accident,2,3,L2→L3,Drinking linked to bereavement,10.0
5,4,Disability / drunk-driving accident,2,3,L2→L3,Drinking linked to bereavement,10.0
6,4,Disability / drunk-driving accident,2,3,L2→L3,Drinking linked to bereavement,10.0
7,4,Disability / drunk-driving accident,2,3,L2→L3,Drinking linked to bereavement,10.0
8,4,Disability / drunk-driving accident,2,3,L2→L3,Drinking linked to bereavement,10.0
9,4,Disability / drunk-driving accident,2,3,L2→L3,Drinking linked to bereavement,5.000000000000007
10,4,Disability / drunk-driving accident,2,3,L2→L3,Drinking linked to bereavement,5.000000000000007
11,4,Disability / drunk-driving accident,2,3,L2→L3,Drinking linked to bereavement,10.0
12,4,Disability / drunk-driving accident,2,3,L2→L3,Drinking linked to bereavement,10.0
13,4,Disability / drunk-driving accident,2,3,L2→L3,Drinking linked to bereavement,10.0
14,4,Disability / drunk-driving accident,2,3,L2→L3,Drinking linked to bereavement,5.000000000000007
15,4,Disability / drunk-driving accident,2,3,L2→L3,Drinking linked to bereavement,10.0
16,4,Disability / drunk-driving accident,2,3,L2→L3,Drinking linked to bereavement,10.0
17,4,Disability / drunk-driving accident,2,3,L2→L3,Drinking linked to bereavement,10.0
18,4,Disability / drunk-driving accident,2,3,L2→L3,Drinking linked to bereavement,10.0
19,4,Disability / drunk-driving accident,2,3,L2→L3,Drinking linked to bereavement,10.0
20,4,Disability / drunk-driving accident,2,3,L2→L3,Drinking linked to bereavement,5.000000000000007
21,4,Disability / drunk-driving accident,2,3,L2→L3,Drinking linked to bereavement,10.0
22,4,Disability / drunk-driving accident,2,3,L2→L3,Drinking linked to bereavement,10.0
23,4,Disability / drunk-driving accident,2,3,L2→L3,Drinking linked to bereavement,10.0
24,4,Disability / drunk-driving accident,2,3,L2→L3,Drinking linked to bereavement,10.0
25,4,Disability / drunk-driving accident,2,3,L2→L3,Drinking linked to bereavement,5.000000000000007
26,4,Disability / drunk-driving accident,2,3,L2→L3,Drinking linked to bereavement,10.0
27,4,Disability / drunk-driving accident,2,3,L2→L3,Drinking linked to bereavement,10.0
28,4,Disability / drunk-driving accident,2,3,L2→L3,Drinking linked to bereavement,10.0
29,4,Disability / drunk-driving accident,2,3,L2→L3,Drinking linked to bereavement,5.000000000000007
30,4,Disability / drunk-driving accident,2,3,L2→L3,Drinking linked to bereavement,10.0
31,4,Disability / drunk-driving accident,2,3,L2→L3,Drinking linked to bereavement,10.0
32,4,Disability / drunk-driving accident,2,3,L2→L3,Drinking linked to bereavement,10.0
33,4,Disability / drunk-driving accident,2,3,L2→L3,Drinking linked to bereavement,10.0
34,4,Disability / drunk-driving accident,2,3,L2→L3,Drinking linked to bereavement,10.0
35,4,Disability / drunk-driving accident,2,3,L2→L3,Drinking linked to bereavement,10.0
36,4,Disability / drunk-driving accident,2,3,L2→L3,Drinking linked to bereavement,10.0
37,4,Disability / drunk-driving accident,2,3,L2→L3,Drinking linked to bereavement,5.0
38,4,Disability / drunk-driving accident,2,3,L2→L3,Drinking linked to bereavement,10.0
39,4,Disability / drunk-driving accident,2,3,L2→L3,Drinking linked to bereavement,10.0
40,4,Disability / drunk-driving accident,2,3,L2→L3,Drinking linked to bereavement,5.000000000000007
41,4,Disability / drunk-driving accident,2,3,L2→L3,Drinking linked to bereavement,10.0
42,4,Disability / drunk-driving accident,2,3,L2→L3,Drinking linked to bereavement,5.0
43,4,Disability / drunk-driving accident,2,3,L2→L3,Drinking linked to bereavement,10.0
44,4,Disability / drunk-driving accident,2,3,L2→L3,Drinking linked to bereavement,10.0
45,4,Disability / drunk-driving accident,2,3,L2→L3,Drinking linked to bereavement,5.000000000000007
46,4,Disability / drunk-driving accident,2,3,L2→L3,Drinking linked to bereavement,10.0
47,4,Disability / drunk-driving accident,2,3,L2→L3,Drinking linked to bereavement,10.0
48,4,Disability / drunk-driving accident,2,3,L2→L3,Drinking linked to bereavement,10.0
49,4,Disability / drunk-driving accident,2,3,L2→L3,Drinking linked to bereavement,10.0
50,4,Disability / drunk-driving accident,2,3,L2→L3,Drinking linked to bereavement,10.0
1,4,Disability / drunk-driving accident,3,4,L3→L4,Friend died in war,5.0
2,4,Disability / drunk-driving accident,3,4,L3→L4,Friend died in war,10.0
3,4,Disability / drunk-driving accident,3,4,L3→L4,Friend died in war,5.0
4,4,Disability / drunk-driving accident,3,4,L3→L4,Friend died in war,5.0
5,4,Disability / drunk-driving accident,3,4,L3→L4,Friend died in war,0.0
6,4,Disability / drunk-driving accident,3,4,L3→L4,Friend died in war,5.0
7,4,Disability / drunk-driving accident,3,4,L3→L4,Friend died in war,5.0
8,4,Disability / drunk-driving accident,3,4,L3→L4,Friend died in war,5.0
9,4,Disability / drunk-driving accident,3,4,L3→L4,Friend died in war,1.0
10,4,Disability / drunk-driving accident,3,4,L3→L4,Friend died in war,4.999999999999993
11,4,Disability / drunk-driving accident,3,4,L3→L4,Friend died in war,5.0
12,4,Disability / drunk-driving accident,3,4,L3→L4,Friend died in war,5.0
13,4,Disability / drunk-driving accident,3,4,L3→L4,Friend died in war,5.0
14,4,Disability / drunk-driving accident,3,4,L3→L4,Friend died in war,4.999999999999993
15,4,Disability / drunk-driving accident,3,4,L3→L4,Friend died in war,5.0
16,4,Disability / drunk-driving accident,3,4,L3→L4,Friend died in war,5.0
17,4,Disability / drunk-driving accident,3,4,L3→L4,Friend died in war,5.0
18,4,Disability / drunk-driving accident,3,4,L3→L4,Friend died in war,5.0
19,4,Disability / drunk-driving accident,3,4,L3→L4,Friend died in war,5.0
20,4,Disability / drunk-driving accident,3,4,L3→L4,Friend died in war,4.999999999999993
21,4,Disability / drunk-driving accident,3,4,L3→L4,Friend died in war,5.0
22,4,Disability / drunk-driving accident,3,4,L3→L4,Friend died in war,5.0
23,4,Disability / drunk-driving accident,3,4,L3→L4,Friend died in war,5.0
24,4,Disability / drunk-driving accident,3,4,L3→L4,Friend died in war,5.0
25,4,Disability / drunk-driving accident,3,4,L3→L4,Friend died in war,4.999999999999993
26,4,Disability / drunk-driving accident,3,4,L3→L4,Friend died in war,5.0
27,4,Disability / drunk-driving accident,3,4,L3→L4,Friend died in war,5.0
28,4,Disability / drunk-driving accident,3,4,L3→L4,Friend died in war,10.0
29,4,Disability / drunk-driving accident,3,4,L3→L4,Friend died in war,4.999999999999993
30,4,Disability / drunk-driving accident,3,4,L3→L4,Friend died in war,5.0
31,4,Disability / drunk-driving accident,3,4,L3→L4,Friend died in war,5.0
32,4,Disability / drunk-driving accident,3,4,L3→L4,Friend died in war,5.0
33,4,Disability / drunk-driving accident,3,4,L3→L4,Friend died in war,0.0
34,4,Disability / drunk-driving accident,3,4,L3→L4,Friend died in war,10.0
35,4,Disability / drunk-driving accident,3,4,L3→L4,Friend died in war,5.0
36,4,Disability / drunk-driving accident,3,4,L3→L4,Friend died in war,5.000000000000007
37,4,Disability / drunk-driving accident,3,4,L3→L4,Friend died in war,5.0
38,4,Disability / drunk-driving accident,3,4,L3→L4,Friend died in war,5.0
39,4,Disability / drunk-driving accident,3,4,L3→L4,Friend died in war,5.0
40,4,Disability / drunk-driving accident,3,4,L3→L4,Friend died in war,4.999999999999993
41,4,Disability / drunk-driving accident,3,4,L3→L4,Friend died in war,5.0
42,4,Disability / drunk-driving accident,3,4,L3→L4,Friend died in war,5.0
43,4,Disability / drunk-driving accident,3,4,L3→L4,Friend died in war,5.0
44,4,Disability / drunk-driving accident,3,4,L3→L4,Friend died in war,10.0
45,4,Disability / drunk-driving accident,3,4,L3→L4,Friend died in war,4.999999999999993
46,4,Disability / drunk-driving accident,3,4,L3→L4,Friend died in war,5.0
47,4,Disability / drunk-driving accident,3,4,L3→L4,Friend died in war,5.0
48,4,Disability / drunk-driving accident,3,4,L3→L4,Friend died in war,5.0
49,4,Disability / drunk-driving accident,3,4,L3→L4,Friend died in war,5.0
50,4,Disability / drunk-driving accident,3,4,L3→L4,Friend died in war,5.0
1,4,Disability / drunk-driving accident,4,5,L4→L5,B survived same ambush,10.0
2,4,Disability / drunk-driving accident,4,5,L4→L5,B survived same ambush,10.0
3,4,Disability / drunk-driving accident,4,5,L4→L5,B survived same ambush,5.0
4,4,Disability / drunk-driving accident,4,5,L4→L5,B survived same ambush,5.0
5,4,Disability / drunk-driving accident,4,5,L4→L5,B survived same ambush,10.0
6,4,Disability / drunk-driving accident,4,5,L4→L5,B survived same ambush,5.0
7,4,Disability / drunk-driving accident,4,5,L4→L5,B survived same ambush,5.0
8,4,Disability / drunk-driving accident,4,5,L4→L5,B survived same ambush,5.0
9,4,Disability / drunk-driving accident,4,5,L4→L5,B survived same ambush,0.9999999999999858
10,4,Disability / drunk-driving accident,4,5,L4→L5,B survived same ambush,5.0
11,4,Disability / drunk-driving accident,4,5,L4→L5,B survived same ambush,5.0
12,4,Disability / drunk-driving accident,4,5,L4→L5,B survived same ambush,5.0
13,4,Disability / drunk-driving accident,4,5,L4→L5,B survived same ambush,5.0
14,4,Disability / drunk-driving accident,4,5,L4→L5,B survived same ambush,5.0
15,4,Disability / drunk-driving accident,4,5,L4→L5,B survived same ambush,5.0
16,4,Disability / drunk-driving accident,4,5,L4→L5,B survived same ambush,5.0
17,4,Disability / drunk-driving accident,4,5,L4→L5,B survived same ambush,5.0
18,4,Disability / drunk-driving accident,4,5,L4→L5,B survived same ambush,5.0
19,4,Disability / drunk-driving accident,4,5,L4→L5,B survived same ambush,5.0
20,4,Disability / drunk-driving accident,4,5,L4→L5,B survived same ambush,5.0
21,4,Disability / drunk-driving accident,4,5,L4→L5,B survived same ambush,5.0
22,4,Disability / drunk-driving accident,4,5,L4→L5,B survived same ambush,5.0
23,4,Disability / drunk-driving accident,4,5,L4→L5,B survived same ambush,5.0
24,4,Disability / drunk-driving accident,4,5,L4→L5,B survived same ambush,5.0
25,4,Disability / drunk-driving accident,4,5,L4→L5,B survived same ambush,5.0
26,4,Disability / drunk-driving accident,4,5,L4→L5,B survived same ambush,5.0
27,4,Disability / drunk-driving accident,4,5,L4→L5,B survived same ambush,5.0
28,4,Disability / drunk-driving accident,4,5,L4→L5,B survived same ambush,10.0
29,4,Disability / drunk-driving accident,4,5,L4→L5,B survived same ambush,10.0
30,4,Disability / drunk-driving accident,4,5,L4→L5,B survived same ambush,5.0
31,4,Disability / drunk-driving accident,4,5,L4→L5,B survived same ambush,5.0
32,4,Disability / drunk-driving accident,4,5,L4→L5,B survived same ambush,5.0
33,4,Disability / drunk-driving accident,4,5,L4→L5,B survived same ambush,10.0
34,4,Disability / drunk-driving accident,4,5,L4→L5,B survived same ambush,10.0
35,4,Disability / drunk-driving accident,4,5,L4→L5,B survived same ambush,5.0
36,4,Disability / drunk-driving accident,4,5,L4→L5,B survived same ambush,4.999999999999993
37,4,Disability / drunk-driving accident,4,5,L4→L5,B survived same ambush,5.0
38,4,Disability / drunk-driving accident,4,5,L4→L5,B survived same ambush,5.0
39,4,Disability / drunk-driving accident,4,5,L4→L5,B survived same ambush,5.0
40,4,Disability / drunk-driving accident,4,5,L4→L5,B survived same ambush,5.0
41,4,Disability / drunk-driving accident,4,5,L4→L5,B survived same ambush,5.0
42,4,Disability / drunk-driving accident,4,5,L4→L5,B survived same ambush,5.0
43,4,Disability / drunk-driving accident,4,5,L4→L5,B survived same ambush,5.0
44,4,Disability / drunk-driving accident,4,5,L4→L5,B survived same ambush,10.0
45,4,Disability / drunk-driving accident,4,5,L4→L5,B survived same ambush,5.0
46,4,Disability / drunk-driving accident,4,5,L4→L5,B survived same ambush,5.0
47,4,Disability / drunk-driving accident,4,5,L4→L5,B survived same ambush,5.0
48,4,Disability / drunk-driving accident,4,5,L4→L5,B survived same ambush,5.0
49,4,Disability / drunk-driving accident,4,5,L4→L5,B survived same ambush,5.0
50,4,Disability / drunk-driving accident,4,5,L4→L5,B survived same ambush,5.0
1,5,Homelessness / former athlete,1,2,L1→L2,Former professional athlete,5.0
2,5,Homelessness / former athlete,1,2,L1→L2,Former professional athlete,8.0
3,5,Homelessness / former athlete,1,2,L1→L2,Former professional athlete,0.0
4,5,Homelessness / former athlete,1,2,L1→L2,Former professional athlete,0.0
5,5,Homelessness / former athlete,1,2,L1→L2,Former professional athlete,5.0
6,5,Homelessness / former athlete,1,2,L1→L2,Former professional athlete,8.0
7,5,Homelessness / former athlete,1,2,L1→L2,Former professional athlete,5.0
8,5,Homelessness / former athlete,1,2,L1→L2,Former professional athlete,5.0
9,5,Homelessness / former athlete,1,2,L1→L2,Former professional athlete,5.0
10,5,Homelessness / former athlete,1,2,L1→L2,Former professional athlete,5.0
11,5,Homelessness / former athlete,1,2,L1→L2,Former professional athlete,-5.0
12,5,Homelessness / former athlete,1,2,L1→L2,Former professional athlete,0.0
13,5,Homelessness / former athlete,1,2,L1→L2,Former professional athlete,8.0
14,5,Homelessness / former athlete,1,2,L1→L2,Former professional athlete,5.0
15,5,Homelessness / former athlete,1,2,L1→L2,Former professional athlete,5.0
16,5,Homelessness / former athlete,1,2,L1→L2,Former professional athlete,3.000000000000007
17,5,Homelessness / former athlete,1,2,L1→L2,Former professional athlete,5.0
18,5,Homelessness / former athlete,1,2,L1→L2,Former professional athlete,5.0
19,5,Homelessness / former athlete,1,2,L1→L2,Former professional athlete,5.0
20,5,Homelessness / former athlete,1,2,L1→L2,Former professional athlete,5.0
21,5,Homelessness / former athlete,1,2,L1→L2,Former professional athlete,5.0
22,5,Homelessness / former athlete,1,2,L1→L2,Former professional athlete,5.0
23,5,Homelessness / former athlete,1,2,L1→L2,Former professional athlete,5.0
24,5,Homelessness / former athlete,1,2,L1→L2,Former professional athlete,-5.0
25,5,Homelessness / former athlete,1,2,L1→L2,Former professional athlete,5.0
26,5,Homelessness / former athlete,1,2,L1→L2,Former professional athlete,5.0
27,5,Homelessness / former athlete,1,2,L1→L2,Former professional athlete,5.0
28,5,Homelessness / former athlete,1,2,L1→L2,Former professional athlete,5.0
29,5,Homelessness / former athlete,1,2,L1→L2,Former professional athlete,5.0
30,5,Homelessness / former athlete,1,2,L1→L2,Former professional athlete,5.0
31,5,Homelessness / former athlete,1,2,L1→L2,Former professional athlete,5.0
32,5,Homelessness / former athlete,1,2,L1→L2,Former professional athlete,5.0
33,5,Homelessness / former athlete,1,2,L1→L2,Former professional athlete,8.0
34,5,Homelessness / former athlete,1,2,L1→L2,Former professional athlete,5.0
35,5,Homelessness / former athlete,1,2,L1→L2,Former professional athlete,5.0
36,5,Homelessness / former athlete,1,2,L1→L2,Former professional athlete,5.0
37,5,Homelessness / former athlete,1,2,L1→L2,Former professional athlete,5.0
38,5,Homelessness / former athlete,1,2,L1→L2,Former professional athlete,5.0
39,5,Homelessness / former athlete,1,2,L1→L2,Former professional athlete,5.0
40,5,Homelessness / former athlete,1,2,L1→L2,Former professional athlete,-5.0
41,5,Homelessness / former athlete,1,2,L1→L2,Former professional athlete,5.0
42,5,Homelessness / former athlete,1,2,L1→L2,Former professional athlete,5.0
43,5,Homelessness / former athlete,1,2,L1→L2,Former professional athlete,5.0
44,5,Homelessness / former athlete,1,2,L1→L2,Former professional athlete,5.0
45,5,Homelessness / former athlete,1,2,L1→L2,Former professional athlete,5.0
46,5,Homelessness / former athlete,1,2,L1→L2,Former professional athlete,5.0
47,5,Homelessness / former athlete,1,2,L1→L2,Former professional athlete,5.0
48,5,Homelessness / former athlete,1,2,L1→L2,Former professional athlete,5.0
49,5,Homelessness / former athlete,1,2,L1→L2,Former professional athlete,-5.0
50,5,Homelessness / former athlete,1,2,L1→L2,Former professional athlete,0.0
1,5,Homelessness / former athlete,2,3,L2→L3,Career-ending injury,5.0
2,5,Homelessness / former athlete,2,3,L2→L3,Career-ending injury,5.0
3,5,Homelessness / former athlete,2,3,L2→L3,Career-ending injury,0.0
4,5,Homelessness / former athlete,2,3,L2→L3,Career-ending injury,0.0
5,5,Homelessness / former athlete,2,3,L2→L3,Career-ending injury,5.0
6,5,Homelessness / former athlete,2,3,L2→L3,Career-ending injury,5.0
7,5,Homelessness / former athlete,2,3,L2→L3,Career-ending injury,5.0
8,5,Homelessness / former athlete,2,3,L2→L3,Career-ending injury,5.0
9,5,Homelessness / former athlete,2,3,L2→L3,Career-ending injury,5.0
10,5,Homelessness / former athlete,2,3,L2→L3,Career-ending injury,5.0
11,5,Homelessness / former athlete,2,3,L2→L3,Career-ending injury,5.0
12,5,Homelessness / former athlete,2,3,L2→L3,Career-ending injury,0.0
13,5,Homelessness / former athlete,2,3,L2→L3,Career-ending injury,5.0
14,5,Homelessness / former athlete,2,3,L2→L3,Career-ending injury,5.0
15,5,Homelessness / former athlete,2,3,L2→L3,Career-ending injury,5.0
16,5,Homelessness / former athlete,2,3,L2→L3,Career-ending injury,4.999999999999993
17,5,Homelessness / former athlete,2,3,L2→L3,Career-ending injury,5.0
18,5,Homelessness / former athlete,2,3,L2→L3,Career-ending injury,5.0
19,5,Homelessness / former athlete,2,3,L2→L3,Career-ending injury,5.0
20,5,Homelessness / former athlete,2,3,L2→L3,Career-ending injury,5.0
21,5,Homelessness / former athlete,2,3,L2→L3,Career-ending injury,5.0
22,5,Homelessness / former athlete,2,3,L2→L3,Career-ending injury,5.0
23,5,Homelessness / former athlete,2,3,L2→L3,Career-ending injury,5.0
24,5,Homelessness / former athlete,2,3,L2→L3,Career-ending injury,5.0
25,5,Homelessness / former athlete,2,3,L2→L3,Career-ending injury,5.0
26,5,Homelessness / former athlete,2,3,L2→L3,Career-ending injury,5.0
27,5,Homelessness / former athlete,2,3,L2→L3,Career-ending injury,5.0
28,5,Homelessness / former athlete,2,3,L2→L3,Career-ending injury,5.0
29,5,Homelessness / former athlete,2,3,L2→L3,Career-ending injury,5.0
30,5,Homelessness / former athlete,2,3,L2→L3,Career-ending injury,5.0
31,5,Homelessness / former athlete,2,3,L2→L3,Career-ending injury,5.0
32,5,Homelessness / former athlete,2,3,L2→L3,Career-ending injury,5.0
33,5,Homelessness / former athlete,2,3,L2→L3,Career-ending injury,5.0
34,5,Homelessness / former athlete,2,3,L2→L3,Career-ending injury,5.0
35,5,Homelessness / former athlete,2,3,L2→L3,Career-ending injury,5.0
36,5,Homelessness / former athlete,2,3,L2→L3,Career-ending injury,5.0
37,5,Homelessness / former athlete,2,3,L2→L3,Career-ending injury,5.0
38,5,Homelessness / former athlete,2,3,L2→L3,Career-ending injury,5.0
39,5,Homelessness / former athlete,2,3,L2→L3,Career-ending injury,5.0
40,5,Homelessness / former athlete,2,3,L2→L3,Career-ending injury,5.0
41,5,Homelessness / former athlete,2,3,L2→L3,Career-ending injury,5.0
42,5,Homelessness / former athlete,2,3,L2→L3,Career-ending injury,5.0
43,5,Homelessness / former athlete,2,3,L2→L3,Career-ending injury,5.0
44,5,Homelessness / former athlete,2,3,L2→L3,Career-ending injury,5.0
45,5,Homelessness / former athlete,2,3,L2→L3,Career-ending injury,5.0
46,5,Homelessness / former athlete,2,3,L2→L3,Career-ending injury,5.0
47,5,Homelessness / former athlete,2,3,L2→L3,Career-ending injury,5.0
48,5,Homelessness / former athlete,2,3,L2→L3,Career-ending injury,5.0
49,5,Homelessness / former athlete,2,3,L2→L3,Career-ending injury,5.0
50,5,Homelessness / former athlete,2,3,L2→L3,Career-ending injury,5.0
1,5,Homelessness / former athlete,3,4,L3→L4,Painkiller addiction,5.0
2,5,Homelessness / former athlete,3,4,L3→L4,Painkiller addiction,5.0
3,5,Homelessness / former athlete,3,4,L3→L4,Painkiller addiction,10.0
4,5,Homelessness / former athlete,3,4,L3→L4,Painkiller addiction,5.0
5,5,Homelessness / former athlete,3,4,L3→L4,Painkiller addiction,5.0
6,5,Homelessness / former athlete,3,4,L3→L4,Painkiller addiction,5.0
7,5,Homelessness / former athlete,3,4,L3→L4,Painkiller addiction,5.0
8,5,Homelessness / former athlete,3,4,L3→L4,Painkiller addiction,5.0
9,5,Homelessness / former athlete,3,4,L3→L4,Painkiller addiction,5.0
10,5,Homelessness / former athlete,3,4,L3→L4,Painkiller addiction,5.0
11,5,Homelessness / former athlete,3,4,L3→L4,Painkiller addiction,5.0
12,5,Homelessness / former athlete,3,4,L3→L4,Painkiller addiction,10.0
13,5,Homelessness / former athlete,3,4,L3→L4,Painkiller addiction,5.0
14,5,Homelessness / former athlete,3,4,L3→L4,Painkiller addiction,5.0
15,5,Homelessness / former athlete,3,4,L3→L4,Painkiller addiction,5.0
16,5,Homelessness / former athlete,3,4,L3→L4,Painkiller addiction,5.0
17,5,Homelessness / former athlete,3,4,L3→L4,Painkiller addiction,5.0
18,5,Homelessness / former athlete,3,4,L3→L4,Painkiller addiction,5.0
19,5,Homelessness / former athlete,3,4,L3→L4,Painkiller addiction,5.0
20,5,Homelessness / former athlete,3,4,L3→L4,Painkiller addiction,5.0
21,5,Homelessness / former athlete,3,4,L3→L4,Painkiller addiction,5.0
22,5,Homelessness / former athlete,3,4,L3→L4,Painkiller addiction,5.0
23,5,Homelessness / former athlete,3,4,L3→L4,Painkiller addiction,5.0
24,5,Homelessness / former athlete,3,4,L3→L4,Painkiller addiction,5.0
25,5,Homelessness / former athlete,3,4,L3→L4,Painkiller addiction,5.0
26,5,Homelessness / former athlete,3,4,L3→L4,Painkiller addiction,5.0
27,5,Homelessness / former athlete,3,4,L3→L4,Painkiller addiction,5.0
28,5,Homelessness / former athlete,3,4,L3→L4,Painkiller addiction,5.0
29,5,Homelessness / former athlete,3,4,L3→L4,Painkiller addiction,5.0
30,5,Homelessness / former athlete,3,4,L3→L4,Painkiller addiction,5.0
31,5,Homelessness / former athlete,3,4,L3→L4,Painkiller addiction,5.0
32,5,Homelessness / former athlete,3,4,L3→L4,Painkiller addiction,5.0
33,5,Homelessness / former athlete,3,4,L3→L4,Painkiller addiction,5.0
34,5,Homelessness / former athlete,3,4,L3→L4,Painkiller addiction,5.0
35,5,Homelessness / former athlete,3,4,L3→L4,Painkiller addiction,5.0
36,5,Homelessness / former athlete,3,4,L3→L4,Painkiller addiction,5.0
37,5,Homelessness / former athlete,3,4,L3→L4,Painkiller addiction,5.0
38,5,Homelessness / former athlete,3,4,L3→L4,Painkiller addiction,5.0
39,5,Homelessness / former athlete,3,4,L3→L4,Painkiller addiction,10.0
40,5,Homelessness / former athlete,3,4,L3→L4,Painkiller addiction,5.0
41,5,Homelessness / former athlete,3,4,L3→L4,Painkiller addiction,5.0
42,5,Homelessness / former athlete,3,4,L3→L4,Painkiller addiction,5.0
43,5,Homelessness / former athlete,3,4,L3→L4,Painkiller addiction,5.0
44,5,Homelessness / former athlete,3,4,L3→L4,Painkiller addiction,5.0
45,5,Homelessness / former athlete,3,4,L3→L4,Painkiller addiction,5.0
46,5,Homelessness / former athlete,3,4,L3→L4,Painkiller addiction,5.0
47,5,Homelessness / former athlete,3,4,L3→L4,Painkiller addiction,5.0
48,5,Homelessness / former athlete,3,4,L3→L4,Painkiller addiction,5.0
49,5,Homelessness / former athlete,3,4,L3→L4,Painkiller addiction,5.0
50,5,Homelessness / former athlete,3,4,L3→L4,Painkiller addiction,5.0
1,5,Homelessness / former athlete,4,5,L4→L5,Seeking rehab / fatherhood,5.0
2,5,Homelessness / former athlete,4,5,L4→L5,Seeking rehab / fatherhood,10.0
3,5,Homelessness / former athlete,4,5,L4→L5,Seeking rehab / fatherhood,10.0
4,5,Homelessness / former athlete,4,5,L4→L5,Seeking rehab / fatherhood,5.0
5,5,Homelessness / former athlete,4,5,L4→L5,Seeking rehab / fatherhood,5.0
6,5,Homelessness / former athlete,4,5,L4→L5,Seeking rehab / fatherhood,5.0
7,5,Homelessness / former athlete,4,5,L4→L5,Seeking rehab / fatherhood,3.0
8,5,Homelessness / former athlete,4,5,L4→L5,Seeking rehab / fatherhood,5.0
9,5,Homelessness / former athlete,4,5,L4→L5,Seeking rehab / fatherhood,5.0
10,5,Homelessness / former athlete,4,5,L4→L5,Seeking rehab / fatherhood,5.0
11,5,Homelessness / former athlete,4,5,L4→L5,Seeking rehab / fatherhood,5.0
12,5,Homelessness / former athlete,4,5,L4→L5,Seeking rehab / fatherhood,10.0
13,5,Homelessness / former athlete,4,5,L4→L5,Seeking rehab / fatherhood,5.0
14,5,Homelessness / former athlete,4,5,L4→L5,Seeking rehab / fatherhood,5.0
15,5,Homelessness / former athlete,4,5,L4→L5,Seeking rehab / fatherhood,5.0
16,5,Homelessness / former athlete,4,5,L4→L5,Seeking rehab / fatherhood,5.0
17,5,Homelessness / former athlete,4,5,L4→L5,Seeking rehab / fatherhood,5.0
18,5,Homelessness / former athlete,4,5,L4→L5,Seeking rehab / fatherhood,5.0
19,5,Homelessness / former athlete,4,5,L4→L5,Seeking rehab / fatherhood,5.0
20,5,Homelessness / former athlete,4,5,L4→L5,Seeking rehab / fatherhood,5.0
21,5,Homelessness / former athlete,4,5,L4→L5,Seeking rehab / fatherhood,3.0
22,5,Homelessness / former athlete,4,5,L4→L5,Seeking rehab / fatherhood,5.0
23,5,Homelessness / former athlete,4,5,L4→L5,Seeking rehab / fatherhood,3.0
24,5,Homelessness / former athlete,4,5,L4→L5,Seeking rehab / fatherhood,5.0
25,5,Homelessness / former athlete,4,5,L4→L5,Seeking rehab / fatherhood,5.0
26,5,Homelessness / former athlete,4,5,L4→L5,Seeking rehab / fatherhood,5.0
27,5,Homelessness / former athlete,4,5,L4→L5,Seeking rehab / fatherhood,5.0
28,5,Homelessness / former athlete,4,5,L4→L5,Seeking rehab / fatherhood,5.0
29,5,Homelessness / former athlete,4,5,L4→L5,Seeking rehab / fatherhood,5.0
30,5,Homelessness / former athlete,4,5,L4→L5,Seeking rehab / fatherhood,5.0
31,5,Homelessness / former athlete,4,5,L4→L5,Seeking rehab / fatherhood,5.0
32,5,Homelessness / former athlete,4,5,L4→L5,Seeking rehab / fatherhood,5.0
33,5,Homelessness / former athlete,4,5,L4→L5,Seeking rehab / fatherhood,5.0
34,5,Homelessness / former athlete,4,5,L4→L5,Seeking rehab / fatherhood,5.0
35,5,Homelessness / former athlete,4,5,L4→L5,Seeking rehab / fatherhood,5.0
36,5,Homelessness / former athlete,4,5,L4→L5,Seeking rehab / fatherhood,5.0
37,5,Homelessness / former athlete,4,5,L4→L5,Seeking rehab / fatherhood,5.0
38,5,Homelessness / former athlete,4,5,L4→L5,Seeking rehab / fatherhood,5.0
39,5,Homelessness / former athlete,4,5,L4→L5,Seeking rehab / fatherhood,5.0
40,5,Homelessness / former athlete,4,5,L4→L5,Seeking rehab / fatherhood,5.0
41,5,Homelessness / former athlete,4,5,L4→L5,Seeking rehab / fatherhood,5.0
42,5,Homelessness / former athlete,4,5,L4→L5,Seeking rehab / fatherhood,5.0
43,5,Homelessness / former athlete,4,5,L4→L5,Seeking rehab / fatherhood,5.0
44,5,Homelessness / former athlete,4,5,L4→L5,Seeking rehab / fatherhood,5.0
45,5,Homelessness / former athlete,4,5,L4→L5,Seeking rehab / fatherhood,5.0
46,5,Homelessness / former athlete,4,5,L4→L5,Seeking rehab / fatherhood,5.0
47,5,Homelessness / former athlete,4,5,L4→L5,Seeking rehab / fatherhood,5.0
48,5,Homelessness / former athlete,4,5,L4→L5,Seeking rehab / fatherhood,5.0
49,5,Homelessness / former athlete,4,5,L4→L5,Seeking rehab / fatherhood,5.0
50,5,Homelessness / former athlete,4,5,L4→L5,Seeking rehab / fatherhood,5.0
1,6,Unemployment / workplace theft,1,2,L1→L2,Theft from employer,-20.0
2,6,Unemployment / workplace theft,1,2,L1→L2,Theft from employer,-20.0
3,6,Unemployment / workplace theft,1,2,L1→L2,Theft from employer,-20.0
4,6,Unemployment / workplace theft,1,2,L1→L2,Theft from employer,-20.0
5,6,Unemployment / workplace theft,1,2,L1→L2,Theft from employer,-20.0
6,6,Unemployment / workplace theft,1,2,L1→L2,Theft from employer,-20.0
7,6,Unemployment / workplace theft,1,2,L1→L2,Theft from employer,-20.0
8,6,Unemployment / workplace theft,1,2,L1→L2,Theft from employer,-20.0
9,6,Unemployment / workplace theft,1,2,L1→L2,Theft from employer,-20.0
10,6,Unemployment / workplace theft,1,2,L1→L2,Theft from employer,-20.0
11,6,Unemployment / workplace theft,1,2,L1→L2,Theft from employer,-20.0
12,6,Unemployment / workplace theft,1,2,L1→L2,Theft from employer,-20.0
13,6,Unemployment / workplace theft,1,2,L1→L2,Theft from employer,-20.0
14,6,Unemployment / workplace theft,1,2,L1→L2,Theft from employer,-20.0
15,6,Unemployment / workplace theft,1,2,L1→L2,Theft from employer,-20.0
16,6,Unemployment / workplace theft,1,2,L1→L2,Theft from employer,-20.0
17,6,Unemployment / workplace theft,1,2,L1→L2,Theft from employer,-20.0
18,6,Unemployment / workplace theft,1,2,L1→L2,Theft from employer,-20.0
19,6,Unemployment / workplace theft,1,2,L1→L2,Theft from employer,-20.0
20,6,Unemployment / workplace theft,1,2,L1→L2,Theft from employer,-20.0
21,6,Unemployment / workplace theft,1,2,L1→L2,Theft from employer,-20.0
22,6,Unemployment / workplace theft,1,2,L1→L2,Theft from employer,-20.0
23,6,Unemployment / workplace theft,1,2,L1→L2,Theft from employer,-20.0
24,6,Unemployment / workplace theft,1,2,L1→L2,Theft from employer,-20.0
25,6,Unemployment / workplace theft,1,2,L1→L2,Theft from employer,-20.0
26,6,Unemployment / workplace theft,1,2,L1→L2,Theft from employer,-20.0
27,6,Unemployment / workplace theft,1,2,L1→L2,Theft from employer,-20.0
28,6,Unemployment / workplace theft,1,2,L1→L2,Theft from employer,-20.0
29,6,Unemployment / workplace theft,1,2,L1→L2,Theft from employer,-20.0
30,6,Unemployment / workplace theft,1,2,L1→L2,Theft from employer,-20.0
31,6,Unemployment / workplace theft,1,2,L1→L2,Theft from employer,-20.0
32,6,Unemployment / workplace theft,1,2,L1→L2,Theft from employer,-20.0
33,6,Unemployment / workplace theft,1,2,L1→L2,Theft from employer,-20.0
34,6,Unemployment / workplace theft,1,2,L1→L2,Theft from employer,-20.0
35,6,Unemployment / workplace theft,1,2,L1→L2,Theft from employer,-20.0
36,6,Unemployment / workplace theft,1,2,L1→L2,Theft from employer,-20.0
37,6,Unemployment / workplace theft,1,2,L1→L2,Theft from employer,-20.0
38,6,Unemployment / workplace theft,1,2,L1→L2,Theft from employer,-20.0
39,6,Unemployment / workplace theft,1,2,L1→L2,Theft from employer,-20.0
40,6,Unemployment / workplace theft,1,2,L1→L2,Theft from employer,-20.0
41,6,Unemployment / workplace theft,1,2,L1→L2,Theft from employer,-20.0
42,6,Unemployment / workplace theft,1,2,L1→L2,Theft from employer,-20.0
43,6,Unemployment / workplace theft,1,2,L1→L2,Theft from employer,-20.0
44,6,Unemployment / workplace theft,1,2,L1→L2,Theft from employer,-10.0
45,6,Unemployment / workplace theft,1,2,L1→L2,Theft from employer,-20.0
46,6,Unemployment / workplace theft,1,2,L1→L2,Theft from employer,-20.0
47,6,Unemployment / workplace theft,1,2,L1→L2,Theft from employer,-20.0
48,6,Unemployment / workplace theft,1,2,L1→L2,Theft from employer,-20.0
49,6,Unemployment / workplace theft,1,2,L1→L2,Theft from employer,-10.0
50,6,Unemployment / workplace theft,1,2,L1→L2,Theft from employer,-20.0
1,6,Unemployment / workplace theft,2,3,L2→L3,Cannot re-enter field,10.0
2,6,Unemployment / workplace theft,2,3,L2→L3,Cannot re-enter field,10.0
3,6,Unemployment / workplace theft,2,3,L2→L3,Cannot re-enter field,10.0
4,6,Unemployment / workplace theft,2,3,L2→L3,Cannot re-enter field,10.0
5,6,Unemployment / workplace theft,2,3,L2→L3,Cannot re-enter field,10.0
6,6,Unemployment / workplace theft,2,3,L2→L3,Cannot re-enter field,10.0
7,6,Unemployment / workplace theft,2,3,L2→L3,Cannot re-enter field,10.0
8,6,Unemployment / workplace theft,2,3,L2→L3,Cannot re-enter field,10.0
9,6,Unemployment / workplace theft,2,3,L2→L3,Cannot re-enter field,10.0
10,6,Unemployment / workplace theft,2,3,L2→L3,Cannot re-enter field,10.0
11,6,Unemployment / workplace theft,2,3,L2→L3,Cannot re-enter field,10.0
12,6,Unemployment / workplace theft,2,3,L2→L3,Cannot re-enter field,10.0
13,6,Unemployment / workplace theft,2,3,L2→L3,Cannot re-enter field,10.0
14,6,Unemployment / workplace theft,2,3,L2→L3,Cannot re-enter field,10.0
15,6,Unemployment / workplace theft,2,3,L2→L3,Cannot re-enter field,10.0
16,6,Unemployment / workplace theft,2,3,L2→L3,Cannot re-enter field,10.0
17,6,Unemployment / workplace theft,2,3,L2→L3,Cannot re-enter field,10.0
18,6,Unemployment / workplace theft,2,3,L2→L3,Cannot re-enter field,10.0
19,6,Unemployment / workplace theft,2,3,L2→L3,Cannot re-enter field,10.0
20,6,Unemployment / workplace theft,2,3,L2→L3,Cannot re-enter field,10.0
21,6,Unemployment / workplace theft,2,3,L2→L3,Cannot re-enter field,10.0
22,6,Unemployment / workplace theft,2,3,L2→L3,Cannot re-enter field,10.0
23,6,Unemployment / workplace theft,2,3,L2→L3,Cannot re-enter field,10.0
24,6,Unemployment / workplace theft,2,3,L2→L3,Cannot re-enter field,10.0
25,6,Unemployment / workplace theft,2,3,L2→L3,Cannot re-enter field,10.0
26,6,Unemployment / workplace theft,2,3,L2→L3,Cannot re-enter field,10.0
27,6,Unemployment / workplace theft,2,3,L2→L3,Cannot re-enter field,10.0
28,6,Unemployment / workplace theft,2,3,L2→L3,Cannot re-enter field,10.0
29,6,Unemployment / workplace theft,2,3,L2→L3,Cannot re-enter field,10.0
30,6,Unemployment / workplace theft,2,3,L2→L3,Cannot re-enter field,10.0
31,6,Unemployment / workplace theft,2,3,L2→L3,Cannot re-enter field,10.0
32,6,Unemployment / workplace theft,2,3,L2→L3,Cannot re-enter field,10.0
33,6,Unemployment / workplace theft,2,3,L2→L3,Cannot re-enter field,10.0
34,6,Unemployment / workplace theft,2,3,L2→L3,Cannot re-enter field,10.0
35,6,Unemployment / workplace theft,2,3,L2→L3,Cannot re-enter field,10.0
36,6,Unemployment / workplace theft,2,3,L2→L3,Cannot re-enter field,10.0
37,6,Unemployment / workplace theft,2,3,L2→L3,Cannot re-enter field,10.0
38,6,Unemployment / workplace theft,2,3,L2→L3,Cannot re-enter field,10.0
39,6,Unemployment / workplace theft,2,3,L2→L3,Cannot re-enter field,10.0
40,6,Unemployment / workplace theft,2,3,L2→L3,Cannot re-enter field,10.0
41,6,Unemployment / workplace theft,2,3,L2→L3,Cannot re-enter field,10.0
42,6,Unemployment / workplace theft,2,3,L2→L3,Cannot re-enter field,10.0
43,6,Unemployment / workplace theft,2,3,L2→L3,Cannot re-enter field,10.0
44,6,Unemployment / workplace theft,2,3,L2→L3,Cannot re-enter field,-5.0
45,6,Unemployment / workplace theft,2,3,L2→L3,Cannot re-enter field,10.0
46,6,Unemployment / workplace theft,2,3,L2→L3,Cannot re-enter field,10.0
47,6,Unemployment / workplace theft,2,3,L2→L3,Cannot re-enter field,10.0
48,6,Unemployment / workplace theft,2,3,L2→L3,Cannot re-enter field,10.0
49,6,Unemployment / workplace theft,2,3,L2→L3,Cannot re-enter field,5.0
50,6,Unemployment / workplace theft,2,3,L2→L3,Cannot re-enter field,10.0
1,6,Unemployment / workplace theft,3,4,L3→L4,Working in fast food,5.0
2,6,Unemployment / workplace theft,3,4,L3→L4,Working in fast food,0.0
3,6,Unemployment / workplace theft,3,4,L3→L4,Working in fast food,5.0
4,6,Unemployment / workplace theft,3,4,L3→L4,Working in fast food,5.0
5,6,Unemployment / workplace theft,3,4,L3→L4,Working in fast food,0.0
6,6,Unemployment / workplace theft,3,4,L3→L4,Working in fast food,0.0
7,6,Unemployment / workplace theft,3,4,L3→L4,Working in fast food,0.0
8,6,Unemployment / workplace theft,3,4,L3→L4,Working in fast food,5.0
9,6,Unemployment / workplace theft,3,4,L3→L4,Working in fast food,5.0
10,6,Unemployment / workplace theft,3,4,L3→L4,Working in fast food,0.0
11,6,Unemployment / workplace theft,3,4,L3→L4,Working in fast food,0.0
12,6,Unemployment / workplace theft,3,4,L3→L4,Working in fast food,5.0
13,6,Unemployment / workplace theft,3,4,L3→L4,Working in fast food,5.0
14,6,Unemployment / workplace theft,3,4,L3→L4,Working in fast food,5.0
15,6,Unemployment / workplace theft,3,4,L3→L4,Working in fast food,5.0
16,6,Unemployment / workplace theft,3,4,L3→L4,Working in fast food,0.0
17,6,Unemployment / workplace theft,3,4,L3→L4,Working in fast food,5.0
18,6,Unemployment / workplace theft,3,4,L3→L4,Working in fast food,0.0
19,6,Unemployment / workplace theft,3,4,L3→L4,Working in fast food,5.0
20,6,Unemployment / workplace theft,3,4,L3→L4,Working in fast food,5.0
21,6,Unemployment / workplace theft,3,4,L3→L4,Working in fast food,0.0
22,6,Unemployment / workplace theft,3,4,L3→L4,Working in fast food,5.0
23,6,Unemployment / workplace theft,3,4,L3→L4,Working in fast food,5.0
24,6,Unemployment / workplace theft,3,4,L3→L4,Working in fast food,0.0
25,6,Unemployment / workplace theft,3,4,L3→L4,Working in fast food,5.0
26,6,Unemployment / workplace theft,3,4,L3→L4,Working in fast food,5.0
27,6,Unemployment / workplace theft,3,4,L3→L4,Working in fast food,5.0
28,6,Unemployment / workplace theft,3,4,L3→L4,Working in fast food,5.0
29,6,Unemployment / workplace theft,3,4,L3→L4,Working in fast food,5.0
30,6,Unemployment / workplace theft,3,4,L3→L4,Working in fast food,0.0
31,6,Unemployment / workplace theft,3,4,L3→L4,Working in fast food,5.0
32,6,Unemployment / workplace theft,3,4,L3→L4,Working in fast food,5.0
33,6,Unemployment / workplace theft,3,4,L3→L4,Working in fast food,0.0
34,6,Unemployment / workplace theft,3,4,L3→L4,Working in fast food,5.0
35,6,Unemployment / workplace theft,3,4,L3→L4,Working in fast food,0.0
36,6,Unemployment / workplace theft,3,4,L3→L4,Working in fast food,0.0
37,6,Unemployment / workplace theft,3,4,L3→L4,Working in fast food,5.0
38,6,Unemployment / workplace theft,3,4,L3→L4,Working in fast food,5.0
39,6,Unemployment / workplace theft,3,4,L3→L4,Working in fast food,5.0
40,6,Unemployment / workplace theft,3,4,L3→L4,Working in fast food,0.0
41,6,Unemployment / workplace theft,3,4,L3→L4,Working in fast food,5.0
42,6,Unemployment / workplace theft,3,4,L3→L4,Working in fast food,5.0
43,6,Unemployment / workplace theft,3,4,L3→L4,Working in fast food,0.0
44,6,Unemployment / workplace theft,3,4,L3→L4,Working in fast food,15.0
45,6,Unemployment / workplace theft,3,4,L3→L4,Working in fast food,5.0
46,6,Unemployment / workplace theft,3,4,L3→L4,Working in fast food,5.0
47,6,Unemployment / workplace theft,3,4,L3→L4,Working in fast food,5.0
48,6,Unemployment / workplace theft,3,4,L3→L4,Working in fast food,5.0
49,6,Unemployment / workplace theft,3,4,L3→L4,Working in fast food,5.0
50,6,Unemployment / workplace theft,3,4,L3→L4,Working in fast food,5.0
1,6,Unemployment / workplace theft,4,5,L4→L5,Sole family breadwinner,15.0
2,6,Unemployment / workplace theft,4,5,L4→L5,Sole family breadwinner,20.0
3,6,Unemployment / workplace theft,4,5,L4→L5,Sole family breadwinner,15.0
4,6,Unemployment / workplace theft,4,5,L4→L5,Sole family breadwinner,15.0
5,6,Unemployment / workplace theft,4,5,L4→L5,Sole family breadwinner,20.0
6,6,Unemployment / workplace theft,4,5,L4→L5,Sole family breadwinner,20.0
7,6,Unemployment / workplace theft,4,5,L4→L5,Sole family breadwinner,20.0
8,6,Unemployment / workplace theft,4,5,L4→L5,Sole family breadwinner,15.0
9,6,Unemployment / workplace theft,4,5,L4→L5,Sole family breadwinner,15.0
10,6,Unemployment / workplace theft,4,5,L4→L5,Sole family breadwinner,20.0
11,6,Unemployment / workplace theft,4,5,L4→L5,Sole family breadwinner,20.0
12,6,Unemployment / workplace theft,4,5,L4→L5,Sole family breadwinner,15.0
13,6,Unemployment / workplace theft,4,5,L4→L5,Sole family breadwinner,15.0
14,6,Unemployment / workplace theft,4,5,L4→L5,Sole family breadwinner,15.0
15,6,Unemployment / workplace theft,4,5,L4→L5,Sole family breadwinner,15.0
16,6,Unemployment / workplace theft,4,5,L4→L5,Sole family breadwinner,20.0
17,6,Unemployment / workplace theft,4,5,L4→L5,Sole family breadwinner,15.0
18,6,Unemployment / workplace theft,4,5,L4→L5,Sole family breadwinner,20.0
19,6,Unemployment / workplace theft,4,5,L4→L5,Sole family breadwinner,15.0
20,6,Unemployment / workplace theft,4,5,L4→L5,Sole family breadwinner,15.0
21,6,Unemployment / workplace theft,4,5,L4→L5,Sole family breadwinner,20.0
22,6,Unemployment / workplace theft,4,5,L4→L5,Sole family breadwinner,15.0
23,6,Unemployment / workplace theft,4,5,L4→L5,Sole family breadwinner,15.0
24,6,Unemployment / workplace theft,4,5,L4→L5,Sole family breadwinner,20.0
25,6,Unemployment / workplace theft,4,5,L4→L5,Sole family breadwinner,15.0
26,6,Unemployment / workplace theft,4,5,L4→L5,Sole family breadwinner,15.0
27,6,Unemployment / workplace theft,4,5,L4→L5,Sole family breadwinner,15.0
28,6,Unemployment / workplace theft,4,5,L4→L5,Sole family breadwinner,15.0
29,6,Unemployment / workplace theft,4,5,L4→L5,Sole family breadwinner,15.0
30,6,Unemployment / workplace theft,4,5,L4→L5,Sole family breadwinner,20.0
31,6,Unemployment / workplace theft,4,5,L4→L5,Sole family breadwinner,15.0
32,6,Unemployment / workplace theft,4,5,L4→L5,Sole family breadwinner,15.0
33,6,Unemployment / workplace theft,4,5,L4→L5,Sole family breadwinner,20.0
34,6,Unemployment / workplace theft,4,5,L4→L5,Sole family breadwinner,15.0
35,6,Unemployment / workplace theft,4,5,L4→L5,Sole family breadwinner,20.0
36,6,Unemployment / workplace theft,4,5,L4→L5,Sole family breadwinner,20.0
37,6,Unemployment / workplace theft,4,5,L4→L5,Sole family breadwinner,15.0
38,6,Unemployment / workplace theft,4,5,L4→L5,Sole family breadwinner,15.0
39,6,Unemployment / workplace theft,4,5,L4→L5,Sole family breadwinner,15.0
40,6,Unemployment / workplace theft,4,5,L4→L5,Sole family breadwinner,20.0
41,6,Unemployment / workplace theft,4,5,L4→L5,Sole family breadwinner,15.0
42,6,Unemployment / workplace theft,4,5,L4→L5,Sole family breadwinner,15.0
43,6,Unemployment / workplace theft,4,5,L4→L5,Sole family breadwinner,20.0
44,6,Unemployment / workplace theft,4,5,L4→L5,Sole family breadwinner,10.0
45,6,Unemployment / workplace theft,4,5,L4→L5,Sole family breadwinner,15.0
46,6,Unemployment / workplace theft,4,5,L4→L5,Sole family breadwinner,15.0
47,6,Unemployment / workplace theft,4,5,L4→L5,Sole family breadwinner,15.0
48,6,Unemployment / workplace theft,4,5,L4→L5,Sole family breadwinner,15.0
49,6,Unemployment / workplace theft,4,5,L4→L5,Sole family breadwinner,10.0
50,6,Unemployment / workplace theft,4,5,L4→L5,Sole family breadwinner,15.0
1,7,Emphysema / smoking / medical need,1,2,L1→L2,Years of smoking,10.0
2,7,Emphysema / smoking / medical need,1,2,L1→L2,Years of smoking,-10.0
3,7,Emphysema / smoking / medical need,1,2,L1→L2,Years of smoking,5.0
4,7,Emphysema / smoking / medical need,1,2,L1→L2,Years of smoking,10.0
5,7,Emphysema / smoking / medical need,1,2,L1→L2,Years of smoking,-10.0
6,7,Emphysema / smoking / medical need,1,2,L1→L2,Years of smoking,-10.0
7,7,Emphysema / smoking / medical need,1,2,L1→L2,Years of smoking,5.0
8,7,Emphysema / smoking / medical need,1,2,L1→L2,Years of smoking,-10.0
9,7,Emphysema / smoking / medical need,1,2,L1→L2,Years of smoking,10.0
10,7,Emphysema / smoking / medical need,1,2,L1→L2,Years of smoking,5.0
11,7,Emphysema / smoking / medical need,1,2,L1→L2,Years of smoking,-10.0
12,7,Emphysema / smoking / medical need,1,2,L1→L2,Years of smoking,5.0
13,7,Emphysema / smoking / medical need,1,2,L1→L2,Years of smoking,5.0
14,7,Emphysema / smoking / medical need,1,2,L1→L2,Years of smoking,5.0
15,7,Emphysema / smoking / medical need,1,2,L1→L2,Years of smoking,10.0
16,7,Emphysema / smoking / medical need,1,2,L1→L2,Years of smoking,5.0
17,7,Emphysema / smoking / medical need,1,2,L1→L2,Years of smoking,10.0
18,7,Emphysema / smoking / medical need,1,2,L1→L2,Years of smoking,5.0
19,7,Emphysema / smoking / medical need,1,2,L1→L2,Years of smoking,5.0
20,7,Emphysema / smoking / medical need,1,2,L1→L2,Years of smoking,-10.0
21,7,Emphysema / smoking / medical need,1,2,L1→L2,Years of smoking,5.0
22,7,Emphysema / smoking / medical need,1,2,L1→L2,Years of smoking,5.0
23,7,Emphysema / smoking / medical need,1,2,L1→L2,Years of smoking,-10.0
24,7,Emphysema / smoking / medical need,1,2,L1→L2,Years of smoking,5.0
25,7,Emphysema / smoking / medical need,1,2,L1→L2,Years of smoking,10.0
26,7,Emphysema / smoking / medical need,1,2,L1→L2,Years of smoking,-4.999999999999993
27,7,Emphysema / smoking / medical need,1,2,L1→L2,Years of smoking,10.0
28,7,Emphysema / smoking / medical need,1,2,L1→L2,Years of smoking,-10.0
29,7,Emphysema / smoking / medical need,1,2,L1→L2,Years of smoking,-4.999999999999993
30,7,Emphysema / smoking / medical need,1,2,L1→L2,Years of smoking,5.0
31,7,Emphysema / smoking / medical need,1,2,L1→L2,Years of smoking,5.0
32,7,Emphysema / smoking / medical need,1,2,L1→L2,Years of smoking,10.0
33,7,Emphysema / smoking / medical need,1,2,L1→L2,Years of smoking,-10.0
34,7,Emphysema / smoking / medical need,1,2,L1→L2,Years of smoking,5.0
35,7,Emphysema / smoking / medical need,1,2,L1→L2,Years of smoking,5.0
36,7,Emphysema / smoking / medical need,1,2,L1→L2,Years of smoking,5.0
37,7,Emphysema / smoking / medical need,1,2,L1→L2,Years of smoking,5.0
38,7,Emphysema / smoking / medical need,1,2,L1→L2,Years of smoking,10.0
39,7,Emphysema / smoking / medical need,1,2,L1→L2,Years of smoking,-4.999999999999993
40,7,Emphysema / smoking / medical need,1,2,L1→L2,Years of smoking,5.0
41,7,Emphysema / smoking / medical need,1,2,L1→L2,Years of smoking,10.0
42,7,Emphysema / smoking / medical need,1,2,L1→L2,Years of smoking,10.0
43,7,Emphysema / smoking / medical need,1,2,L1→L2,Years of smoking,5.0
44,7,Emphysema / smoking / medical need,1,2,L1→L2,Years of smoking,5.0
45,7,Emphysema / smoking / medical need,1,2,L1→L2,Years of smoking,5.0
46,7,Emphysema / smoking / medical need,1,2,L1→L2,Years of smoking,10.0
47,7,Emphysema / smoking / medical need,1,2,L1→L2,Years of smoking,10.0
48,7,Emphysema / smoking / medical need,1,2,L1→L2,Years of smoking,10.0
49,7,Emphysema / smoking / medical need,1,2,L1→L2,Years of smoking,5.0
50,7,Emphysema / smoking / medical need,1,2,L1→L2,Years of smoking,10.0
1,7,Emphysema / smoking / medical need,2,3,L2→L3,No insurance coverage,10.0
2,7,Emphysema / smoking / medical need,2,3,L2→L3,No insurance coverage,10.0
3,7,Emphysema / smoking / medical need,2,3,L2→L3,No insurance coverage,5.0
4,7,Emphysema / smoking / medical need,2,3,L2→L3,No insurance coverage,5.0
5,7,Emphysema / smoking / medical need,2,3,L2→L3,No insurance coverage,10.0
6,7,Emphysema / smoking / medical need,2,3,L2→L3,No insurance coverage,10.0
7,7,Emphysema / smoking / medical need,2,3,L2→L3,No insurance coverage,5.0
8,7,Emphysema / smoking / medical need,2,3,L2→L3,No insurance coverage,10.0
9,7,Emphysema / smoking / medical need,2,3,L2→L3,No insurance coverage,10.0
10,7,Emphysema / smoking / medical need,2,3,L2→L3,No insurance coverage,5.0
11,7,Emphysema / smoking / medical need,2,3,L2→L3,No insurance coverage,10.0
12,7,Emphysema / smoking / medical need,2,3,L2→L3,No insurance coverage,5.0
13,7,Emphysema / smoking / medical need,2,3,L2→L3,No insurance coverage,5.0
14,7,Emphysema / smoking / medical need,2,3,L2→L3,No insurance coverage,5.0
15,7,Emphysema / smoking / medical need,2,3,L2→L3,No insurance coverage,10.0
16,7,Emphysema / smoking / medical need,2,3,L2→L3,No insurance coverage,5.0
17,7,Emphysema / smoking / medical need,2,3,L2→L3,No insurance coverage,10.0
18,7,Emphysema / smoking / medical need,2,3,L2→L3,No insurance coverage,5.0
19,7,Emphysema / smoking / medical need,2,3,L2→L3,No insurance coverage,5.0
20,7,Emphysema / smoking / medical need,2,3,L2→L3,No insurance coverage,10.0
21,7,Emphysema / smoking / medical need,2,3,L2→L3,No insurance coverage,5.0
22,7,Emphysema / smoking / medical need,2,3,L2→L3,No insurance coverage,5.0
23,7,Emphysema / smoking / medical need,2,3,L2→L3,No insurance coverage,10.0
24,7,Emphysema / smoking / medical need,2,3,L2→L3,No insurance coverage,5.0
25,7,Emphysema / smoking / medical need,2,3,L2→L3,No insurance coverage,5.0
26,7,Emphysema / smoking / medical need,2,3,L2→L3,No insurance coverage,4.999999999999993
27,7,Emphysema / smoking / medical need,2,3,L2→L3,No insurance coverage,5.0
28,7,Emphysema / smoking / medical need,2,3,L2→L3,No insurance coverage,10.0
29,7,Emphysema / smoking / medical need,2,3,L2→L3,No insurance coverage,4.999999999999993
30,7,Emphysema / smoking / medical need,2,3,L2→L3,No insurance coverage,5.0
31,7,Emphysema / smoking / medical need,2,3,L2→L3,No insurance coverage,5.0
32,7,Emphysema / smoking / medical need,2,3,L2→L3,No insurance coverage,5.0
33,7,Emphysema / smoking / medical need,2,3,L2→L3,No insurance coverage,10.0
34,7,Emphysema / smoking / medical need,2,3,L2→L3,No insurance coverage,5.0
35,7,Emphysema / smoking / medical need,2,3,L2→L3,No insurance coverage,5.0
36,7,Emphysema / smoking / medical need,2,3,L2→L3,No insurance coverage,5.0
37,7,Emphysema / smoking / medical need,2,3,L2→L3,No insurance coverage,5.0
38,7,Emphysema / smoking / medical need,2,3,L2→L3,No insurance coverage,10.0
39,7,Emphysema / smoking / medical need,2,3,L2→L3,No insurance coverage,4.999999999999993
40,7,Emphysema / smoking / medical need,2,3,L2→L3,No insurance coverage,5.0
41,7,Emphysema / smoking / medical need,2,3,L2→L3,No insurance coverage,5.0
42,7,Emphysema / smoking / medical need,2,3,L2→L3,No insurance coverage,5.0
43,7,Emphysema / smoking / medical need,2,3,L2→L3,No insurance coverage,5.0
44,7,Emphysema / smoking / medical need,2,3,L2→L3,No insurance coverage,5.0
45,7,Emphysema / smoking / medical need,2,3,L2→L3,No insurance coverage,5.0
46,7,Emphysema / smoking / medical need,2,3,L2→L3,No insurance coverage,10.0
47,7,Emphysema / smoking / medical need,2,3,L2→L3,No insurance coverage,10.0
48,7,Emphysema / smoking / medical need,2,3,L2→L3,No insurance coverage,5.0
49,7,Emphysema / smoking / medical need,2,3,L2→L3,No insurance coverage,5.0
50,7,Emphysema / smoking / medical need,2,3,L2→L3,No insurance coverage,5.0
1,7,Emphysema / smoking / medical need,3,4,L3→L4,Cannot pay medical bills,5.0
2,7,Emphysema / smoking / medical need,3,4,L3→L4,Cannot pay medical bills,10.0
3,7,Emphysema / smoking / medical need,3,4,L3→L4,Cannot pay medical bills,5.0
4,7,Emphysema / smoking / medical need,3,4,L3→L4,Cannot pay medical bills,5.0
5,7,Emphysema / smoking / medical need,3,4,L3→L4,Cannot pay medical bills,10.0
6,7,Emphysema / smoking / medical need,3,4,L3→L4,Cannot pay medical bills,10.0
7,7,Emphysema / smoking / medical need,3,4,L3→L4,Cannot pay medical bills,5.0
8,7,Emphysema / smoking / medical need,3,4,L3→L4,Cannot pay medical bills,10.0
9,7,Emphysema / smoking / medical need,3,4,L3→L4,Cannot pay medical bills,5.0
10,7,Emphysema / smoking / medical need,3,4,L3→L4,Cannot pay medical bills,5.0
11,7,Emphysema / smoking / medical need,3,4,L3→L4,Cannot pay medical bills,10.0
12,7,Emphysema / smoking / medical need,3,4,L3→L4,Cannot pay medical bills,5.0
13,7,Emphysema / smoking / medical need,3,4,L3→L4,Cannot pay medical bills,5.0
14,7,Emphysema / smoking / medical need,3,4,L3→L4,Cannot pay medical bills,5.0
15,7,Emphysema / smoking / medical need,3,4,L3→L4,Cannot pay medical bills,5.0
16,7,Emphysema / smoking / medical need,3,4,L3→L4,Cannot pay medical bills,5.0
17,7,Emphysema / smoking / medical need,3,4,L3→L4,Cannot pay medical bills,5.0
18,7,Emphysema / smoking / medical need,3,4,L3→L4,Cannot pay medical bills,5.0
19,7,Emphysema / smoking / medical need,3,4,L3→L4,Cannot pay medical bills,5.0
20,7,Emphysema / smoking / medical need,3,4,L3→L4,Cannot pay medical bills,10.0
21,7,Emphysema / smoking / medical need,3,4,L3→L4,Cannot pay medical bills,5.0
22,7,Emphysema / smoking / medical need,3,4,L3→L4,Cannot pay medical bills,5.0
23,7,Emphysema / smoking / medical need,3,4,L3→L4,Cannot pay medical bills,10.0
24,7,Emphysema / smoking / medical need,3,4,L3→L4,Cannot pay medical bills,5.0
25,7,Emphysema / smoking / medical need,3,4,L3→L4,Cannot pay medical bills,5.0
26,7,Emphysema / smoking / medical need,3,4,L3→L4,Cannot pay medical bills,10.0
27,7,Emphysema / smoking / medical need,3,4,L3→L4,Cannot pay medical bills,5.0
28,7,Emphysema / smoking / medical need,3,4,L3→L4,Cannot pay medical bills,10.0
29,7,Emphysema / smoking / medical need,3,4,L3→L4,Cannot pay medical bills,5.0
30,7,Emphysema / smoking / medical need,3,4,L3→L4,Cannot pay medical bills,5.0
31,7,Emphysema / smoking / medical need,3,4,L3→L4,Cannot pay medical bills,5.0
32,7,Emphysema / smoking / medical need,3,4,L3→L4,Cannot pay medical bills,5.0
33,7,Emphysema / smoking / medical need,3,4,L3→L4,Cannot pay medical bills,10.0
34,7,Emphysema / smoking / medical need,3,4,L3→L4,Cannot pay medical bills,5.0
35,7,Emphysema / smoking / medical need,3,4,L3→L4,Cannot pay medical bills,5.0
36,7,Emphysema / smoking / medical need,3,4,L3→L4,Cannot pay medical bills,5.0
37,7,Emphysema / smoking / medical need,3,4,L3→L4,Cannot pay medical bills,5.0
38,7,Emphysema / smoking / medical need,3,4,L3→L4,Cannot pay medical bills,10.0
39,7,Emphysema / smoking / medical need,3,4,L3→L4,Cannot pay medical bills,10.0
40,7,Emphysema / smoking / medical need,3,4,L3→L4,Cannot pay medical bills,5.0
41,7,Emphysema / smoking / medical need,3,4,L3→L4,Cannot pay medical bills,5.0
42,7,Emphysema / smoking / medical need,3,4,L3→L4,Cannot pay medical bills,5.0
43,7,Emphysema / smoking / medical need,3,4,L3→L4,Cannot pay medical bills,5.0
44,7,Emphysema / smoking / medical need,3,4,L3→L4,Cannot pay medical bills,5.0
45,7,Emphysema / smoking / medical need,3,4,L3→L4,Cannot pay medical bills,5.0
46,7,Emphysema / smoking / medical need,3,4,L3→L4,Cannot pay medical bills,5.0
47,7,Emphysema / smoking / medical need,3,4,L3→L4,Cannot pay medical bills,5.0
48,7,Emphysema / smoking / medical need,3,4,L3→L4,Cannot pay medical bills,5.0
49,7,Emphysema / smoking / medical need,3,4,L3→L4,Cannot pay medical bills,5.0
50,7,Emphysema / smoking / medical need,3,4,L3→L4,Cannot pay medical bills,5.0
1,7,Emphysema / smoking / medical need,4,5,L4→L5,Treatment versus rent,5.0
2,7,Emphysema / smoking / medical need,4,5,L4→L5,Treatment versus rent,5.0
3,7,Emphysema / smoking / medical need,4,5,L4→L5,Treatment versus rent,5.0
4,7,Emphysema / smoking / medical need,4,5,L4→L5,Treatment versus rent,10.0
5,7,Emphysema / smoking / medical need,4,5,L4→L5,Treatment versus rent,10.0
6,7,Emphysema / smoking / medical need,4,5,L4→L5,Treatment versus rent,10.0
7,7,Emphysema / smoking / medical need,4,5,L4→L5,Treatment versus rent,5.0
8,7,Emphysema / smoking / medical need,4,5,L4→L5,Treatment versus rent,10.0
9,7,Emphysema / smoking / medical need,4,5,L4→L5,Treatment versus rent,5.0
10,7,Emphysema / smoking / medical need,4,5,L4→L5,Treatment versus rent,5.0
11,7,Emphysema / smoking / medical need,4,5,L4→L5,Treatment versus rent,10.0
12,7,Emphysema / smoking / medical need,4,5,L4→L5,Treatment versus rent,5.0
13,7,Emphysema / smoking / medical need,4,5,L4→L5,Treatment versus rent,5.0
14,7,Emphysema / smoking / medical need,4,5,L4→L5,Treatment versus rent,5.0
15,7,Emphysema / smoking / medical need,4,5,L4→L5,Treatment versus rent,5.0
16,7,Emphysema / smoking / medical need,4,5,L4→L5,Treatment versus rent,5.0
17,7,Emphysema / smoking / medical need,4,5,L4→L5,Treatment versus rent,5.0
18,7,Emphysema / smoking / medical need,4,5,L4→L5,Treatment versus rent,5.0
19,7,Emphysema / smoking / medical need,4,5,L4→L5,Treatment versus rent,5.0
20,7,Emphysema / smoking / medical need,4,5,L4→L5,Treatment versus rent,10.0
21,7,Emphysema / smoking / medical need,4,5,L4→L5,Treatment versus rent,5.0
22,7,Emphysema / smoking / medical need,4,5,L4→L5,Treatment versus rent,5.0
23,7,Emphysema / smoking / medical need,4,5,L4→L5,Treatment versus rent,10.0
24,7,Emphysema / smoking / medical need,4,5,L4→L5,Treatment versus rent,5.0
25,7,Emphysema / smoking / medical need,4,5,L4→L5,Treatment versus rent,5.0
26,7,Emphysema / smoking / medical need,4,5,L4→L5,Treatment versus rent,5.0
27,7,Emphysema / smoking / medical need,4,5,L4→L5,Treatment versus rent,5.0
28,7,Emphysema / smoking / medical need,4,5,L4→L5,Treatment versus rent,10.0
29,7,Emphysema / smoking / medical need,4,5,L4→L5,Treatment versus rent,5.0
30,7,Emphysema / smoking / medical need,4,5,L4→L5,Treatment versus rent,5.0
31,7,Emphysema / smoking / medical need,4,5,L4→L5,Treatment versus rent,5.0
32,7,Emphysema / smoking / medical need,4,5,L4→L5,Treatment versus rent,10.0
33,7,Emphysema / smoking / medical need,4,5,L4→L5,Treatment versus rent,10.0
34,7,Emphysema / smoking / medical need,4,5,L4→L5,Treatment versus rent,5.0
35,7,Emphysema / smoking / medical need,4,5,L4→L5,Treatment versus rent,5.0
36,7,Emphysema / smoking / medical need,4,5,L4→L5,Treatment versus rent,5.0
37,7,Emphysema / smoking / medical need,4,5,L4→L5,Treatment versus rent,5.0
38,7,Emphysema / smoking / medical need,4,5,L4→L5,Treatment versus rent,10.0
39,7,Emphysema / smoking / medical need,4,5,L4→L5,Treatment versus rent,10.0
40,7,Emphysema / smoking / medical need,4,5,L4→L5,Treatment versus rent,5.0
41,7,Emphysema / smoking / medical need,4,5,L4→L5,Treatment versus rent,5.0
42,7,Emphysema / smoking / medical need,4,5,L4→L5,Treatment versus rent,5.0
43,7,Emphysema / smoking / medical need,4,5,L4→L5,Treatment versus rent,5.0
44,7,Emphysema / smoking / medical need,4,5,L4→L5,Treatment versus rent,5.0
45,7,Emphysema / smoking / medical need,4,5,L4→L5,Treatment versus rent,5.0
46,7,Emphysema / smoking / medical need,4,5,L4→L5,Treatment versus rent,5.0
47,7,Emphysema / smoking / medical need,4,5,L4→L5,Treatment versus rent,5.0
48,7,Emphysema / smoking / medical need,4,5,L4→L5,Treatment versus rent,5.0
49,7,Emphysema / smoking / medical need,4,5,L4→L5,Treatment versus rent,5.0
50,7,Emphysema / smoking / medical need,4,5,L4→L5,Treatment versus rent,5.0
1,8,Refugee / sick child / document forgery,1,2,L1→L2,Sick child in shelter,10.0
2,8,Refugee / sick child / document forgery,1,2,L1→L2,Sick child in shelter,10.0
3,8,Refugee / sick child / document forgery,1,2,L1→L2,Sick child in shelter,10.0
4,8,Refugee / sick child / document forgery,1,2,L1→L2,Sick child in shelter,10.0
5,8,Refugee / sick child / document forgery,1,2,L1→L2,Sick child in shelter,10.0
6,8,Refugee / sick child / document forgery,1,2,L1→L2,Sick child in shelter,10.0
7,8,Refugee / sick child / document forgery,1,2,L1→L2,Sick child in shelter,10.0
8,8,Refugee / sick child / document forgery,1,2,L1→L2,Sick child in shelter,10.0
9,8,Refugee / sick child / document forgery,1,2,L1→L2,Sick child in shelter,10.0
10,8,Refugee / sick child / document forgery,1,2,L1→L2,Sick child in shelter,10.0
11,8,Refugee / sick child / document forgery,1,2,L1→L2,Sick child in shelter,10.0
12,8,Refugee / sick child / document forgery,1,2,L1→L2,Sick child in shelter,10.0
13,8,Refugee / sick child / document forgery,1,2,L1→L2,Sick child in shelter,10.0
14,8,Refugee / sick child / document forgery,1,2,L1→L2,Sick child in shelter,10.0
15,8,Refugee / sick child / document forgery,1,2,L1→L2,Sick child in shelter,10.0
16,8,Refugee / sick child / document forgery,1,2,L1→L2,Sick child in shelter,10.0
17,8,Refugee / sick child / document forgery,1,2,L1→L2,Sick child in shelter,10.0
18,8,Refugee / sick child / document forgery,1,2,L1→L2,Sick child in shelter,10.0
19,8,Refugee / sick child / document forgery,1,2,L1→L2,Sick child in shelter,10.0
20,8,Refugee / sick child / document forgery,1,2,L1→L2,Sick child in shelter,10.0
21,8,Refugee / sick child / document forgery,1,2,L1→L2,Sick child in shelter,10.0
22,8,Refugee / sick child / document forgery,1,2,L1→L2,Sick child in shelter,10.0
23,8,Refugee / sick child / document forgery,1,2,L1→L2,Sick child in shelter,10.0
24,8,Refugee / sick child / document forgery,1,2,L1→L2,Sick child in shelter,10.0
25,8,Refugee / sick child / document forgery,1,2,L1→L2,Sick child in shelter,10.0
26,8,Refugee / sick child / document forgery,1,2,L1→L2,Sick child in shelter,10.0
27,8,Refugee / sick child / document forgery,1,2,L1→L2,Sick child in shelter,10.0
28,8,Refugee / sick child / document forgery,1,2,L1→L2,Sick child in shelter,10.0
29,8,Refugee / sick child / document forgery,1,2,L1→L2,Sick child in shelter,10.0
30,8,Refugee / sick child / document forgery,1,2,L1→L2,Sick child in shelter,10.0
31,8,Refugee / sick child / document forgery,1,2,L1→L2,Sick child in shelter,10.0
32,8,Refugee / sick child / document forgery,1,2,L1→L2,Sick child in shelter,10.0
33,8,Refugee / sick child / document forgery,1,2,L1→L2,Sick child in shelter,10.0
34,8,Refugee / sick child / document forgery,1,2,L1→L2,Sick child in shelter,10.0
35,8,Refugee / sick child / document forgery,1,2,L1→L2,Sick child in shelter,10.0
36,8,Refugee / sick child / document forgery,1,2,L1→L2,Sick child in shelter,10.0
37,8,Refugee / sick child / document forgery,1,2,L1→L2,Sick child in shelter,10.0
38,8,Refugee / sick child / document forgery,1,2,L1→L2,Sick child in shelter,10.0
39,8,Refugee / sick child / document forgery,1,2,L1→L2,Sick child in shelter,10.0
40,8,Refugee / sick child / document forgery,1,2,L1→L2,Sick child in shelter,10.0
41,8,Refugee / sick child / document forgery,1,2,L1→L2,Sick child in shelter,10.0
42,8,Refugee / sick child / document forgery,1,2,L1→L2,Sick child in shelter,10.0
43,8,Refugee / sick child / document forgery,1,2,L1→L2,Sick child in shelter,10.0
44,8,Refugee / sick child / document forgery,1,2,L1→L2,Sick child in shelter,10.0
45,8,Refugee / sick child / document forgery,1,2,L1→L2,Sick child in shelter,10.0
46,8,Refugee / sick child / document forgery,1,2,L1→L2,Sick child in shelter,10.0
47,8,Refugee / sick child / document forgery,1,2,L1→L2,Sick child in shelter,10.0
48,8,Refugee / sick child / document forgery,1,2,L1→L2,Sick child in shelter,10.0
49,8,Refugee / sick child / document forgery,1,2,L1→L2,Sick child in shelter,10.0
50,8,Refugee / sick child / document forgery,1,2,L1→L2,Sick child in shelter,5.0
1,8,Refugee / sick child / document forgery,2,3,L2→L3,Forged documents for urgent care,10.0
2,8,Refugee / sick child / document forgery,2,3,L2→L3,Forged documents for urgent care,10.0
3,8,Refugee / sick child / document forgery,2,3,L2→L3,Forged documents for urgent care,10.0
4,8,Refugee / sick child / document forgery,2,3,L2→L3,Forged documents for urgent care,10.0
5,8,Refugee / sick child / document forgery,2,3,L2→L3,Forged documents for urgent care,10.0
6,8,Refugee / sick child / document forgery,2,3,L2→L3,Forged documents for urgent care,10.0
7,8,Refugee / sick child / document forgery,2,3,L2→L3,Forged documents for urgent care,10.0
8,8,Refugee / sick child / document forgery,2,3,L2→L3,Forged documents for urgent care,10.0
9,8,Refugee / sick child / document forgery,2,3,L2→L3,Forged documents for urgent care,10.0
10,8,Refugee / sick child / document forgery,2,3,L2→L3,Forged documents for urgent care,10.0
11,8,Refugee / sick child / document forgery,2,3,L2→L3,Forged documents for urgent care,10.0
12,8,Refugee / sick child / document forgery,2,3,L2→L3,Forged documents for urgent care,10.0
13,8,Refugee / sick child / document forgery,2,3,L2→L3,Forged documents for urgent care,10.0
14,8,Refugee / sick child / document forgery,2,3,L2→L3,Forged documents for urgent care,10.0
15,8,Refugee / sick child / document forgery,2,3,L2→L3,Forged documents for urgent care,10.0
16,8,Refugee / sick child / document forgery,2,3,L2→L3,Forged documents for urgent care,10.0
17,8,Refugee / sick child / document forgery,2,3,L2→L3,Forged documents for urgent care,10.0
18,8,Refugee / sick child / document forgery,2,3,L2→L3,Forged documents for urgent care,10.0
19,8,Refugee / sick child / document forgery,2,3,L2→L3,Forged documents for urgent care,10.0
20,8,Refugee / sick child / document forgery,2,3,L2→L3,Forged documents for urgent care,10.0
21,8,Refugee / sick child / document forgery,2,3,L2→L3,Forged documents for urgent care,10.0
22,8,Refugee / sick child / document forgery,2,3,L2→L3,Forged documents for urgent care,5.0
23,8,Refugee / sick child / document forgery,2,3,L2→L3,Forged documents for urgent care,10.0
24,8,Refugee / sick child / document forgery,2,3,L2→L3,Forged documents for urgent care,10.0
25,8,Refugee / sick child / document forgery,2,3,L2→L3,Forged documents for urgent care,5.0
26,8,Refugee / sick child / document forgery,2,3,L2→L3,Forged documents for urgent care,5.0
27,8,Refugee / sick child / document forgery,2,3,L2→L3,Forged documents for urgent care,5.0
28,8,Refugee / sick child / document forgery,2,3,L2→L3,Forged documents for urgent care,5.0
29,8,Refugee / sick child / document forgery,2,3,L2→L3,Forged documents for urgent care,10.0
30,8,Refugee / sick child / document forgery,2,3,L2→L3,Forged documents for urgent care,10.0
31,8,Refugee / sick child / document forgery,2,3,L2→L3,Forged documents for urgent care,10.0
32,8,Refugee / sick child / document forgery,2,3,L2→L3,Forged documents for urgent care,5.0
33,8,Refugee / sick child / document forgery,2,3,L2→L3,Forged documents for urgent care,10.0
34,8,Refugee / sick child / document forgery,2,3,L2→L3,Forged documents for urgent care,10.0
35,8,Refugee / sick child / document forgery,2,3,L2→L3,Forged documents for urgent care,10.0
36,8,Refugee / sick child / document forgery,2,3,L2→L3,Forged documents for urgent care,10.0
37,8,Refugee / sick child / document forgery,2,3,L2→L3,Forged documents for urgent care,10.0
38,8,Refugee / sick child / document forgery,2,3,L2→L3,Forged documents for urgent care,10.0
39,8,Refugee / sick child / document forgery,2,3,L2→L3,Forged documents for urgent care,5.0
40,8,Refugee / sick child / document forgery,2,3,L2→L3,Forged documents for urgent care,10.0
41,8,Refugee / sick child / document forgery,2,3,L2→L3,Forged documents for urgent care,10.0
42,8,Refugee / sick child / document forgery,2,3,L2→L3,Forged documents for urgent care,5.0
43,8,Refugee / sick child / document forgery,2,3,L2→L3,Forged documents for urgent care,10.0
44,8,Refugee / sick child / document forgery,2,3,L2→L3,Forged documents for urgent care,5.0
45,8,Refugee / sick child / document forgery,2,3,L2→L3,Forged documents for urgent care,10.0
46,8,Refugee / sick child / document forgery,2,3,L2→L3,Forged documents for urgent care,10.0
47,8,Refugee / sick child / document forgery,2,3,L2→L3,Forged documents for urgent care,10.0
48,8,Refugee / sick child / document forgery,2,3,L2→L3,Forged documents for urgent care,5.0
49,8,Refugee / sick child / document forgery,2,3,L2→L3,Forged documents for urgent care,10.0
50,8,Refugee / sick child / document forgery,2,3,L2→L3,Forged documents for urgent care,5.0
1,8,Refugee / sick child / document forgery,3,4,L3→L4,Faces deportation,5.0
2,8,Refugee / sick child / document forgery,3,4,L3→L4,Faces deportation,5.0
3,8,Refugee / sick child / document forgery,3,4,L3→L4,Faces deportation,5.0
4,8,Refugee / sick child / document forgery,3,4,L3→L4,Faces deportation,5.0
5,8,Refugee / sick child / document forgery,3,4,L3→L4,Faces deportation,5.0
6,8,Refugee / sick child / document forgery,3,4,L3→L4,Faces deportation,5.0
7,8,Refugee / sick child / document forgery,3,4,L3→L4,Faces deportation,5.0
8,8,Refugee / sick child / document forgery,3,4,L3→L4,Faces deportation,5.0
9,8,Refugee / sick child / document forgery,3,4,L3→L4,Faces deportation,5.0
10,8,Refugee / sick child / document forgery,3,4,L3→L4,Faces deportation,5.0
11,8,Refugee / sick child / document forgery,3,4,L3→L4,Faces deportation,5.0
12,8,Refugee / sick child / document forgery,3,4,L3→L4,Faces deportation,5.0
13,8,Refugee / sick child / document forgery,3,4,L3→L4,Faces deportation,5.0
14,8,Refugee / sick child / document forgery,3,4,L3→L4,Faces deportation,5.0
15,8,Refugee / sick child / document forgery,3,4,L3→L4,Faces deportation,5.0
16,8,Refugee / sick child / document forgery,3,4,L3→L4,Faces deportation,5.0
17,8,Refugee / sick child / document forgery,3,4,L3→L4,Faces deportation,5.0
18,8,Refugee / sick child / document forgery,3,4,L3→L4,Faces deportation,5.0
19,8,Refugee / sick child / document forgery,3,4,L3→L4,Faces deportation,5.0
20,8,Refugee / sick child / document forgery,3,4,L3→L4,Faces deportation,5.0
21,8,Refugee / sick child / document forgery,3,4,L3→L4,Faces deportation,5.0
22,8,Refugee / sick child / document forgery,3,4,L3→L4,Faces deportation,5.0
23,8,Refugee / sick child / document forgery,3,4,L3→L4,Faces deportation,5.0
24,8,Refugee / sick child / document forgery,3,4,L3→L4,Faces deportation,5.0
25,8,Refugee / sick child / document forgery,3,4,L3→L4,Faces deportation,5.0
26,8,Refugee / sick child / document forgery,3,4,L3→L4,Faces deportation,5.0
27,8,Refugee / sick child / document forgery,3,4,L3→L4,Faces deportation,5.0
28,8,Refugee / sick child / document forgery,3,4,L3→L4,Faces deportation,5.0
29,8,Refugee / sick child / document forgery,3,4,L3→L4,Faces deportation,5.0
30,8,Refugee / sick child / document forgery,3,4,L3→L4,Faces deportation,5.0
31,8,Refugee / sick child / document forgery,3,4,L3→L4,Faces deportation,5.0
32,8,Refugee / sick child / document forgery,3,4,L3→L4,Faces deportation,5.0
33,8,Refugee / sick child / document forgery,3,4,L3→L4,Faces deportation,5.0
34,8,Refugee / sick child / document forgery,3,4,L3→L4,Faces deportation,5.0
35,8,Refugee / sick child / document forgery,3,4,L3→L4,Faces deportation,5.0
36,8,Refugee / sick child / document forgery,3,4,L3→L4,Faces deportation,5.0
37,8,Refugee / sick child / document forgery,3,4,L3→L4,Faces deportation,5.0
38,8,Refugee / sick child / document forgery,3,4,L3→L4,Faces deportation,5.0
39,8,Refugee / sick child / document forgery,3,4,L3→L4,Faces deportation,5.0
40,8,Refugee / sick child / document forgery,3,4,L3→L4,Faces deportation,5.0
41,8,Refugee / sick child / document forgery,3,4,L3→L4,Faces deportation,5.0
42,8,Refugee / sick child / document forgery,3,4,L3→L4,Faces deportation,5.0
43,8,Refugee / sick child / document forgery,3,4,L3→L4,Faces deportation,5.0
44,8,Refugee / sick child / document forgery,3,4,L3→L4,Faces deportation,5.0
45,8,Refugee / sick child / document forgery,3,4,L3→L4,Faces deportation,5.0
46,8,Refugee / sick child / document forgery,3,4,L3→L4,Faces deportation,5.0
47,8,Refugee / sick child / document forgery,3,4,L3→L4,Faces deportation,5.0
48,8,Refugee / sick child / document forgery,3,4,L3→L4,Faces deportation,5.0
49,8,Refugee / sick child / document forgery,3,4,L3→L4,Faces deportation,5.0
50,8,Refugee / sick child / document forgery,3,4,L3→L4,Faces deportation,5.0
1,8,Refugee / sick child / document forgery,4,5,L4→L5,Spouse missing in conflict zone,5.0
2,8,Refugee / sick child / document forgery,4,5,L4→L5,Spouse missing in conflict zone,5.0
3,8,Refugee / sick child / document forgery,4,5,L4→L5,Spouse missing in conflict zone,5.0
4,8,Refugee / sick child / document forgery,4,5,L4→L5,Spouse missing in conflict zone,5.0
5,8,Refugee / sick child / document forgery,4,5,L4→L5,Spouse missing in conflict zone,5.0
6,8,Refugee / sick child / document forgery,4,5,L4→L5,Spouse missing in conflict zone,5.0
7,8,Refugee / sick child / document forgery,4,5,L4→L5,Spouse missing in conflict zone,5.0
8,8,Refugee / sick child / document forgery,4,5,L4→L5,Spouse missing in conflict zone,5.0
9,8,Refugee / sick child / document forgery,4,5,L4→L5,Spouse missing in conflict zone,5.0
10,8,Refugee / sick child / document forgery,4,5,L4→L5,Spouse missing in conflict zone,5.0
11,8,Refugee / sick child / document forgery,4,5,L4→L5,Spouse missing in conflict zone,5.0
12,8,Refugee / sick child / document forgery,4,5,L4→L5,Spouse missing in conflict zone,5.0
13,8,Refugee / sick child / document forgery,4,5,L4→L5,Spouse missing in conflict zone,5.0
14,8,Refugee / sick child / document forgery,4,5,L4→L5,Spouse missing in conflict zone,5.0
15,8,Refugee / sick child / document forgery,4,5,L4→L5,Spouse missing in conflict zone,5.0
16,8,Refugee / sick child / document forgery,4,5,L4→L5,Spouse missing in conflict zone,5.0
17,8,Refugee / sick child / document forgery,4,5,L4→L5,Spouse missing in conflict zone,5.0
18,8,Refugee / sick child / document forgery,4,5,L4→L5,Spouse missing in conflict zone,5.0
19,8,Refugee / sick child / document forgery,4,5,L4→L5,Spouse missing in conflict zone,5.0
20,8,Refugee / sick child / document forgery,4,5,L4→L5,Spouse missing in conflict zone,5.0
21,8,Refugee / sick child / document forgery,4,5,L4→L5,Spouse missing in conflict zone,5.0
22,8,Refugee / sick child / document forgery,4,5,L4→L5,Spouse missing in conflict zone,5.0
23,8,Refugee / sick child / document forgery,4,5,L4→L5,Spouse missing in conflict zone,5.0
24,8,Refugee / sick child / document forgery,4,5,L4→L5,Spouse missing in conflict zone,5.0
25,8,Refugee / sick child / document forgery,4,5,L4→L5,Spouse missing in conflict zone,5.0
26,8,Refugee / sick child / document forgery,4,5,L4→L5,Spouse missing in conflict zone,5.0
27,8,Refugee / sick child / document forgery,4,5,L4→L5,Spouse missing in conflict zone,5.0
28,8,Refugee / sick child / document forgery,4,5,L4→L5,Spouse missing in conflict zone,5.0
29,8,Refugee / sick child / document forgery,4,5,L4→L5,Spouse missing in conflict zone,5.0
30,8,Refugee / sick child / document forgery,4,5,L4→L5,Spouse missing in conflict zone,5.0
31,8,Refugee / sick child / document forgery,4,5,L4→L5,Spouse missing in conflict zone,5.0
32,8,Refugee / sick child / document forgery,4,5,L4→L5,Spouse missing in conflict zone,5.0
33,8,Refugee / sick child / document forgery,4,5,L4→L5,Spouse missing in conflict zone,5.0
34,8,Refugee / sick child / document forgery,4,5,L4→L5,Spouse missing in conflict zone,5.0
35,8,Refugee / sick child / document forgery,4,5,L4→L5,Spouse missing in conflict zone,5.0
36,8,Refugee / sick child / document forgery,4,5,L4→L5,Spouse missing in conflict zone,5.0
37,8,Refugee / sick child / document forgery,4,5,L4→L5,Spouse missing in conflict zone,5.0
38,8,Refugee / sick child / document forgery,4,5,L4→L5,Spouse missing in conflict zone,5.0
39,8,Refugee / sick child / document forgery,4,5,L4→L5,Spouse missing in conflict zone,5.0
40,8,Refugee / sick child / document forgery,4,5,L4→L5,Spouse missing in conflict zone,5.0
41,8,Refugee / sick child / document forgery,4,5,L4→L5,Spouse missing in conflict zone,5.0
42,8,Refugee / sick child / document forgery,4,5,L4→L5,Spouse missing in conflict zone,5.0
43,8,Refugee / sick child / document forgery,4,5,L4→L5,Spouse missing in conflict zone,5.0
44,8,Refugee / sick child / document forgery,4,5,L4→L5,Spouse missing in conflict zone,5.0
45,8,Refugee / sick child / document forgery,4,5,L4→L5,Spouse missing in conflict zone,5.0
46,8,Refugee / sick child / document forgery,4,5,L4→L5,Spouse missing in conflict zone,5.0
47,8,Refugee / sick child / document forgery,4,5,L4→L5,Spouse missing in conflict zone,5.0
48,8,Refugee / sick child / document forgery,4,5,L4→L5,Spouse missing in conflict zone,5.0
49,8,Refugee / sick child / document forgery,4,5,L4→L5,Spouse missing in conflict zone,5.0
50,8,Refugee / sick child / document forgery,4,5,L4→L5,Spouse missing in conflict zone,5.0
1,9,Startup failure / recession / social enterprise,1,2,L1→L2,Investor lost in recession,10.0
2,9,Startup failure / recession / social enterprise,1,2,L1→L2,Investor lost in recession,10.0
3,9,Startup failure / recession / social enterprise,1,2,L1→L2,Investor lost in recession,10.0
4,9,Startup failure / recession / social enterprise,1,2,L1→L2,Investor lost in recession,10.0
5,9,Startup failure / recession / social enterprise,1,2,L1→L2,Investor lost in recession,10.0
6,9,Startup failure / recession / social enterprise,1,2,L1→L2,Investor lost in recession,10.0
7,9,Startup failure / recession / social enterprise,1,2,L1→L2,Investor lost in recession,10.0
8,9,Startup failure / recession / social enterprise,1,2,L1→L2,Investor lost in recession,10.0
9,9,Startup failure / recession / social enterprise,1,2,L1→L2,Investor lost in recession,10.0
10,9,Startup failure / recession / social enterprise,1,2,L1→L2,Investor lost in recession,10.0
11,9,Startup failure / recession / social enterprise,1,2,L1→L2,Investor lost in recession,10.0
12,9,Startup failure / recession / social enterprise,1,2,L1→L2,Investor lost in recession,10.0
13,9,Startup failure / recession / social enterprise,1,2,L1→L2,Investor lost in recession,10.0
14,9,Startup failure / recession / social enterprise,1,2,L1→L2,Investor lost in recession,10.0
15,9,Startup failure / recession / social enterprise,1,2,L1→L2,Investor lost in recession,10.0
16,9,Startup failure / recession / social enterprise,1,2,L1→L2,Investor lost in recession,10.0
17,9,Startup failure / recession / social enterprise,1,2,L1→L2,Investor lost in recession,10.0
18,9,Startup failure / recession / social enterprise,1,2,L1→L2,Investor lost in recession,10.0
19,9,Startup failure / recession / social enterprise,1,2,L1→L2,Investor lost in recession,10.0
20,9,Startup failure / recession / social enterprise,1,2,L1→L2,Investor lost in recession,10.0
21,9,Startup failure / recession / social enterprise,1,2,L1→L2,Investor lost in recession,10.0
22,9,Startup failure / recession / social enterprise,1,2,L1→L2,Investor lost in recession,10.0
23,9,Startup failure / recession / social enterprise,1,2,L1→L2,Investor lost in recession,10.0
24,9,Startup failure / recession / social enterprise,1,2,L1→L2,Investor lost in recession,10.0
25,9,Startup failure / recession / social enterprise,1,2,L1→L2,Investor lost in recession,10.0
26,9,Startup failure / recession / social enterprise,1,2,L1→L2,Investor lost in recession,10.0
27,9,Startup failure / recession / social enterprise,1,2,L1→L2,Investor lost in recession,10.0
28,9,Startup failure / recession / social enterprise,1,2,L1→L2,Investor lost in recession,10.0
29,9,Startup failure / recession / social enterprise,1,2,L1→L2,Investor lost in recession,10.0
30,9,Startup failure / recession / social enterprise,1,2,L1→L2,Investor lost in recession,10.0
31,9,Startup failure / recession / social enterprise,1,2,L1→L2,Investor lost in recession,10.0
32,9,Startup failure / recession / social enterprise,1,2,L1→L2,Investor lost in recession,10.0
33,9,Startup failure / recession / social enterprise,1,2,L1→L2,Investor lost in recession,10.0
34,9,Startup failure / recession / social enterprise,1,2,L1→L2,Investor lost in recession,10.0
35,9,Startup failure / recession / social enterprise,1,2,L1→L2,Investor lost in recession,10.0
36,9,Startup failure / recession / social enterprise,1,2,L1→L2,Investor lost in recession,10.0
37,9,Startup failure / recession / social enterprise,1,2,L1→L2,Investor lost in recession,10.0
38,9,Startup failure / recession / social enterprise,1,2,L1→L2,Investor lost in recession,10.0
39,9,Startup failure / recession / social enterprise,1,2,L1→L2,Investor lost in recession,10.0
40,9,Startup failure / recession / social enterprise,1,2,L1→L2,Investor lost in recession,10.0
41,9,Startup failure / recession / social enterprise,1,2,L1→L2,Investor lost in recession,10.0
42,9,Startup failure / recession / social enterprise,1,2,L1→L2,Investor lost in recession,10.0
43,9,Startup failure / recession / social enterprise,1,2,L1→L2,Investor lost in recession,10.0
44,9,Startup failure / recession / social enterprise,1,2,L1→L2,Investor lost in recession,10.0
45,9,Startup failure / recession / social enterprise,1,2,L1→L2,Investor lost in recession,10.0
46,9,Startup failure / recession / social enterprise,1,2,L1→L2,Investor lost in recession,10.0
47,9,Startup failure / recession / social enterprise,1,2,L1→L2,Investor lost in recession,10.0
48,9,Startup failure / recession / social enterprise,1,2,L1→L2,Investor lost in recession,10.0
49,9,Startup failure / recession / social enterprise,1,2,L1→L2,Investor lost in recession,10.0
50,9,Startup failure / recession / social enterprise,1,2,L1→L2,Investor lost in recession,10.0
1,9,Startup failure / recession / social enterprise,2,3,L2→L3,High-interest loan,5.0
2,9,Startup failure / recession / social enterprise,2,3,L2→L3,High-interest loan,5.0
3,9,Startup failure / recession / social enterprise,2,3,L2→L3,High-interest loan,5.0
4,9,Startup failure / recession / social enterprise,2,3,L2→L3,High-interest loan,10.0
5,9,Startup failure / recession / social enterprise,2,3,L2→L3,High-interest loan,5.0
6,9,Startup failure / recession / social enterprise,2,3,L2→L3,High-interest loan,5.0
7,9,Startup failure / recession / social enterprise,2,3,L2→L3,High-interest loan,10.0
8,9,Startup failure / recession / social enterprise,2,3,L2→L3,High-interest loan,5.0
9,9,Startup failure / recession / social enterprise,2,3,L2→L3,High-interest loan,10.0
10,9,Startup failure / recession / social enterprise,2,3,L2→L3,High-interest loan,5.0
11,9,Startup failure / recession / social enterprise,2,3,L2→L3,High-interest loan,5.0
12,9,Startup failure / recession / social enterprise,2,3,L2→L3,High-interest loan,5.0
13,9,Startup failure / recession / social enterprise,2,3,L2→L3,High-interest loan,5.0
14,9,Startup failure / recession / social enterprise,2,3,L2→L3,High-interest loan,5.0
15,9,Startup failure / recession / social enterprise,2,3,L2→L3,High-interest loan,10.0
16,9,Startup failure / recession / social enterprise,2,3,L2→L3,High-interest loan,5.0
17,9,Startup failure / recession / social enterprise,2,3,L2→L3,High-interest loan,10.0
18,9,Startup failure / recession / social enterprise,2,3,L2→L3,High-interest loan,5.0
19,9,Startup failure / recession / social enterprise,2,3,L2→L3,High-interest loan,5.0
20,9,Startup failure / recession / social enterprise,2,3,L2→L3,High-interest loan,5.0
21,9,Startup failure / recession / social enterprise,2,3,L2→L3,High-interest loan,5.0
22,9,Startup failure / recession / social enterprise,2,3,L2→L3,High-interest loan,5.0
23,9,Startup failure / recession / social enterprise,2,3,L2→L3,High-interest loan,5.0
24,9,Startup failure / recession / social enterprise,2,3,L2→L3,High-interest loan,5.0
25,9,Startup failure / recession / social enterprise,2,3,L2→L3,High-interest loan,10.0
26,9,Startup failure / recession / social enterprise,2,3,L2→L3,High-interest loan,10.0
27,9,Startup failure / recession / social enterprise,2,3,L2→L3,High-interest loan,10.0
28,9,Startup failure / recession / social enterprise,2,3,L2→L3,High-interest loan,10.0
29,9,Startup failure / recession / social enterprise,2,3,L2→L3,High-interest loan,10.0
30,9,Startup failure / recession / social enterprise,2,3,L2→L3,High-interest loan,10.0
31,9,Startup failure / recession / social enterprise,2,3,L2→L3,High-interest loan,10.0
32,9,Startup failure / recession / social enterprise,2,3,L2→L3,High-interest loan,10.0
33,9,Startup failure / recession / social enterprise,2,3,L2→L3,High-interest loan,5.0
34,9,Startup failure / recession / social enterprise,2,3,L2→L3,High-interest loan,5.0
35,9,Startup failure / recession / social enterprise,2,3,L2→L3,High-interest loan,5.0
36,9,Startup failure / recession / social enterprise,2,3,L2→L3,High-interest loan,5.0
37,9,Startup failure / recession / social enterprise,2,3,L2→L3,High-interest loan,5.0
38,9,Startup failure / recession / social enterprise,2,3,L2→L3,High-interest loan,5.0
39,9,Startup failure / recession / social enterprise,2,3,L2→L3,High-interest loan,10.0
40,9,Startup failure / recession / social enterprise,2,3,L2→L3,High-interest loan,5.0
41,9,Startup failure / recession / social enterprise,2,3,L2→L3,High-interest loan,10.0
42,9,Startup failure / recession / social enterprise,2,3,L2→L3,High-interest loan,5.0
43,9,Startup failure / recession / social enterprise,2,3,L2→L3,High-interest loan,5.0
44,9,Startup failure / recession / social enterprise,2,3,L2→L3,High-interest loan,5.0
45,9,Startup failure / recession / social enterprise,2,3,L2→L3,High-interest loan,5.0
46,9,Startup failure / recession / social enterprise,2,3,L2→L3,High-interest loan,5.0
47,9,Startup failure / recession / social enterprise,2,3,L2→L3,High-interest loan,5.0
48,9,Startup failure / recession / social enterprise,2,3,L2→L3,High-interest loan,5.0
49,9,Startup failure / recession / social enterprise,2,3,L2→L3,High-interest loan,5.0
50,9,Startup failure / recession / social enterprise,2,3,L2→L3,High-interest loan,10.0
1,9,Startup failure / recession / social enterprise,3,4,L3→L4,Default / personal bankruptcy,5.0
2,9,Startup failure / recession / social enterprise,3,4,L3→L4,Default / personal bankruptcy,5.0
3,9,Startup failure / recession / social enterprise,3,4,L3→L4,Default / personal bankruptcy,5.0
4,9,Startup failure / recession / social enterprise,3,4,L3→L4,Default / personal bankruptcy,10.0
5,9,Startup failure / recession / social enterprise,3,4,L3→L4,Default / personal bankruptcy,5.0
6,9,Startup failure / recession / social enterprise,3,4,L3→L4,Default / personal bankruptcy,5.0
7,9,Startup failure / recession / social enterprise,3,4,L3→L4,Default / personal bankruptcy,10.0
8,9,Startup failure / recession / social enterprise,3,4,L3→L4,Default / personal bankruptcy,5.0
9,9,Startup failure / recession / social enterprise,3,4,L3→L4,Default / personal bankruptcy,10.0
10,9,Startup failure / recession / social enterprise,3,4,L3→L4,Default / personal bankruptcy,5.0
11,9,Startup failure / recession / social enterprise,3,4,L3→L4,Default / personal bankruptcy,5.0
12,9,Startup failure / recession / social enterprise,3,4,L3→L4,Default / personal bankruptcy,5.0
13,9,Startup failure / recession / social enterprise,3,4,L3→L4,Default / personal bankruptcy,5.0
14,9,Startup failure / recession / social enterprise,3,4,L3→L4,Default / personal bankruptcy,5.0
15,9,Startup failure / recession / social enterprise,3,4,L3→L4,Default / personal bankruptcy,10.0
16,9,Startup failure / recession / social enterprise,3,4,L3→L4,Default / personal bankruptcy,5.0
17,9,Startup failure / recession / social enterprise,3,4,L3→L4,Default / personal bankruptcy,10.0
18,9,Startup failure / recession / social enterprise,3,4,L3→L4,Default / personal bankruptcy,5.0
19,9,Startup failure / recession / social enterprise,3,4,L3→L4,Default / personal bankruptcy,5.0
20,9,Startup failure / recession / social enterprise,3,4,L3→L4,Default / personal bankruptcy,5.0
21,9,Startup failure / recession / social enterprise,3,4,L3→L4,Default / personal bankruptcy,5.0
22,9,Startup failure / recession / social enterprise,3,4,L3→L4,Default / personal bankruptcy,5.0
23,9,Startup failure / recession / social enterprise,3,4,L3→L4,Default / personal bankruptcy,5.0
24,9,Startup failure / recession / social enterprise,3,4,L3→L4,Default / personal bankruptcy,5.0
25,9,Startup failure / recession / social enterprise,3,4,L3→L4,Default / personal bankruptcy,10.0
26,9,Startup failure / recession / social enterprise,3,4,L3→L4,Default / personal bankruptcy,10.0
27,9,Startup failure / recession / social enterprise,3,4,L3→L4,Default / personal bankruptcy,10.0
28,9,Startup failure / recession / social enterprise,3,4,L3→L4,Default / personal bankruptcy,10.0
29,9,Startup failure / recession / social enterprise,3,4,L3→L4,Default / personal bankruptcy,10.0
30,9,Startup failure / recession / social enterprise,3,4,L3→L4,Default / personal bankruptcy,10.0
31,9,Startup failure / recession / social enterprise,3,4,L3→L4,Default / personal bankruptcy,10.0
32,9,Startup failure / recession / social enterprise,3,4,L3→L4,Default / personal bankruptcy,10.0
33,9,Startup failure / recession / social enterprise,3,4,L3→L4,Default / personal bankruptcy,5.0
34,9,Startup failure / recession / social enterprise,3,4,L3→L4,Default / personal bankruptcy,5.0
35,9,Startup failure / recession / social enterprise,3,4,L3→L4,Default / personal bankruptcy,5.0
36,9,Startup failure / recession / social enterprise,3,4,L3→L4,Default / personal bankruptcy,5.0
37,9,Startup failure / recession / social enterprise,3,4,L3→L4,Default / personal bankruptcy,5.0
38,9,Startup failure / recession / social enterprise,3,4,L3→L4,Default / personal bankruptcy,5.0
39,9,Startup failure / recession / social enterprise,3,4,L3→L4,Default / personal bankruptcy,10.0
40,9,Startup failure / recession / social enterprise,3,4,L3→L4,Default / personal bankruptcy,5.0
41,9,Startup failure / recession / social enterprise,3,4,L3→L4,Default / personal bankruptcy,10.0
42,9,Startup failure / recession / social enterprise,3,4,L3→L4,Default / personal bankruptcy,5.0
43,9,Startup failure / recession / social enterprise,3,4,L3→L4,Default / personal bankruptcy,5.0
44,9,Startup failure / recession / social enterprise,3,4,L3→L4,Default / personal bankruptcy,5.0
45,9,Startup failure / recession / social enterprise,3,4,L3→L4,Default / personal bankruptcy,5.0
46,9,Startup failure / recession / social enterprise,3,4,L3→L4,Default / personal bankruptcy,5.0
47,9,Startup failure / recession / social enterprise,3,4,L3→L4,Default / personal bankruptcy,5.0
48,9,Startup failure / recession / social enterprise,3,4,L3→L4,Default / personal bankruptcy,5.0
49,9,Startup failure / recession / social enterprise,3,4,L3→L4,Default / personal bankruptcy,5.0
50,9,Startup failure / recession / social enterprise,3,4,L3→L4,Default / personal bankruptcy,10.0
1,9,Startup failure / recession / social enterprise,4,5,L4→L5,Pivot to youth social enterprise,5.0
2,9,Startup failure / recession / social enterprise,4,5,L4→L5,Pivot to youth social enterprise,5.0
3,9,Startup failure / recession / social enterprise,4,5,L4→L5,Pivot to youth social enterprise,5.0
4,9,Startup failure / recession / social enterprise,4,5,L4→L5,Pivot to youth social enterprise,10.0
5,9,Startup failure / recession / social enterprise,4,5,L4→L5,Pivot to youth social enterprise,5.0
6,9,Startup failure / recession / social enterprise,4,5,L4→L5,Pivot to youth social enterprise,5.0
7,9,Startup failure / recession / social enterprise,4,5,L4→L5,Pivot to youth social enterprise,10.0
8,9,Startup failure / recession / social enterprise,4,5,L4→L5,Pivot to youth social enterprise,5.0
9,9,Startup failure / recession / social enterprise,4,5,L4→L5,Pivot to youth social enterprise,0.0
10,9,Startup failure / recession / social enterprise,4,5,L4→L5,Pivot to youth social enterprise,5.0
11,9,Startup failure / recession / social enterprise,4,5,L4→L5,Pivot to youth social enterprise,5.0
12,9,Startup failure / recession / social enterprise,4,5,L4→L5,Pivot to youth social enterprise,5.0
13,9,Startup failure / recession / social enterprise,4,5,L4→L5,Pivot to youth social enterprise,5.0
14,9,Startup failure / recession / social enterprise,4,5,L4→L5,Pivot to youth social enterprise,5.0
15,9,Startup failure / recession / social enterprise,4,5,L4→L5,Pivot to youth social enterprise,0.0
16,9,Startup failure / recession / social enterprise,4,5,L4→L5,Pivot to youth social enterprise,5.0
17,9,Startup failure / recession / social enterprise,4,5,L4→L5,Pivot to youth social enterprise,0.0
18,9,Startup failure / recession / social enterprise,4,5,L4→L5,Pivot to youth social enterprise,5.0
19,9,Startup failure / recession / social enterprise,4,5,L4→L5,Pivot to youth social enterprise,5.0
20,9,Startup failure / recession / social enterprise,4,5,L4→L5,Pivot to youth social enterprise,5.0
21,9,Startup failure / recession / social enterprise,4,5,L4→L5,Pivot to youth social enterprise,5.0
22,9,Startup failure / recession / social enterprise,4,5,L4→L5,Pivot to youth social enterprise,5.0
23,9,Startup failure / recession / social enterprise,4,5,L4→L5,Pivot to youth social enterprise,5.0
24,9,Startup failure / recession / social enterprise,4,5,L4→L5,Pivot to youth social enterprise,5.0
25,9,Startup failure / recession / social enterprise,4,5,L4→L5,Pivot to youth social enterprise,10.0
26,9,Startup failure / recession / social enterprise,4,5,L4→L5,Pivot to youth social enterprise,0.0
27,9,Startup failure / recession / social enterprise,4,5,L4→L5,Pivot to youth social enterprise,0.0
28,9,Startup failure / recession / social enterprise,4,5,L4→L5,Pivot to youth social enterprise,10.0
29,9,Startup failure / recession / social enterprise,4,5,L4→L5,Pivot to youth social enterprise,0.0
30,9,Startup failure / recession / social enterprise,4,5,L4→L5,Pivot to youth social enterprise,10.0
31,9,Startup failure / recession / social enterprise,4,5,L4→L5,Pivot to youth social enterprise,10.0
32,9,Startup failure / recession / social enterprise,4,5,L4→L5,Pivot to youth social enterprise,10.0
33,9,Startup failure / recession / social enterprise,4,5,L4→L5,Pivot to youth social enterprise,5.0
34,9,Startup failure / recession / social enterprise,4,5,L4→L5,Pivot to youth social enterprise,5.0
35,9,Startup failure / recession / social enterprise,4,5,L4→L5,Pivot to youth social enterprise,5.0
36,9,Startup failure / recession / social enterprise,4,5,L4→L5,Pivot to youth social enterprise,5.0
37,9,Startup failure / recession / social enterprise,4,5,L4→L5,Pivot to youth social enterprise,5.0
38,9,Startup failure / recession / social enterprise,4,5,L4→L5,Pivot to youth social enterprise,5.0
39,9,Startup failure / recession / social enterprise,4,5,L4→L5,Pivot to youth social enterprise,0.0
40,9,Startup failure / recession / social enterprise,4,5,L4→L5,Pivot to youth social enterprise,5.0
41,9,Startup failure / recession / social enterprise,4,5,L4→L5,Pivot to youth social enterprise,0.0
42,9,Startup failure / recession / social enterprise,4,5,L4→L5,Pivot to youth social enterprise,5.0
43,9,Startup failure / recession / social enterprise,4,5,L4→L5,Pivot to youth social enterprise,5.0
44,9,Startup failure / recession / social enterprise,4,5,L4→L5,Pivot to youth social enterprise,5.0
45,9,Startup failure / recession / social enterprise,4,5,L4→L5,Pivot to youth social enterprise,5.0
46,9,Startup failure / recession / social enterprise,4,5,L4→L5,Pivot to youth social enterprise,5.0
47,9,Startup failure / recession / social enterprise,4,5,L4→L5,Pivot to youth social enterprise,5.0
48,9,Startup failure / recession / social enterprise,4,5,L4→L5,Pivot to youth social enterprise,5.0
49,9,Startup failure / recession / social enterprise,4,5,L4→L5,Pivot to youth social enterprise,5.0
50,9,Startup failure / recession / social enterprise,4,5,L4→L5,Pivot to youth social enterprise,0.0
1,10,Ex-convict / family need / rehabilitation,1,2,L1→L2,Offence to feed family,10.0
2,10,Ex-convict / family need / rehabilitation,1,2,L1→L2,Offence to feed family,10.0
3,10,Ex-convict / family need / rehabilitation,1,2,L1→L2,Offence to feed family,10.0
4,10,Ex-convict / family need / rehabilitation,1,2,L1→L2,Offence to feed family,10.0
5,10,Ex-convict / family need / rehabilitation,1,2,L1→L2,Offence to feed family,10.0
6,10,Ex-convict / family need / rehabilitation,1,2,L1→L2,Offence to feed family,10.0
7,10,Ex-convict / family need / rehabilitation,1,2,L1→L2,Offence to feed family,10.0
8,10,Ex-convict / family need / rehabilitation,1,2,L1→L2,Offence to feed family,10.0
9,10,Ex-convict / family need / rehabilitation,1,2,L1→L2,Offence to feed family,10.0
10,10,Ex-convict / family need / rehabilitation,1,2,L1→L2,Offence to feed family,10.0
11,10,Ex-convict / family need / rehabilitation,1,2,L1→L2,Offence to feed family,10.0
12,10,Ex-convict / family need / rehabilitation,1,2,L1→L2,Offence to feed family,10.0
13,10,Ex-convict / family need / rehabilitation,1,2,L1→L2,Offence to feed family,10.0
14,10,Ex-convict / family need / rehabilitation,1,2,L1→L2,Offence to feed family,10.0
15,10,Ex-convict / family need / rehabilitation,1,2,L1→L2,Offence to feed family,10.0
16,10,Ex-convict / family need / rehabilitation,1,2,L1→L2,Offence to feed family,10.0
17,10,Ex-convict / family need / rehabilitation,1,2,L1→L2,Offence to feed family,10.0
18,10,Ex-convict / family need / rehabilitation,1,2,L1→L2,Offence to feed family,10.0
19,10,Ex-convict / family need / rehabilitation,1,2,L1→L2,Offence to feed family,10.0
20,10,Ex-convict / family need / rehabilitation,1,2,L1→L2,Offence to feed family,10.0
21,10,Ex-convict / family need / rehabilitation,1,2,L1→L2,Offence to feed family,10.0
22,10,Ex-convict / family need / rehabilitation,1,2,L1→L2,Offence to feed family,10.0
23,10,Ex-convict / family need / rehabilitation,1,2,L1→L2,Offence to feed family,10.0
24,10,Ex-convict / family need / rehabilitation,1,2,L1→L2,Offence to feed family,10.0
25,10,Ex-convict / family need / rehabilitation,1,2,L1→L2,Offence to feed family,10.0
26,10,Ex-convict / family need / rehabilitation,1,2,L1→L2,Offence to feed family,10.0
27,10,Ex-convict / family need / rehabilitation,1,2,L1→L2,Offence to feed family,10.0
28,10,Ex-convict / family need / rehabilitation,1,2,L1→L2,Offence to feed family,10.0
29,10,Ex-convict / family need / rehabilitation,1,2,L1→L2,Offence to feed family,10.0
30,10,Ex-convict / family need / rehabilitation,1,2,L1→L2,Offence to feed family,10.0
31,10,Ex-convict / family need / rehabilitation,1,2,L1→L2,Offence to feed family,10.0
32,10,Ex-convict / family need / rehabilitation,1,2,L1→L2,Offence to feed family,10.0
33,10,Ex-convict / family need / rehabilitation,1,2,L1→L2,Offence to feed family,10.0
34,10,Ex-convict / family need / rehabilitation,1,2,L1→L2,Offence to feed family,10.0
35,10,Ex-convict / family need / rehabilitation,1,2,L1→L2,Offence to feed family,10.0
36,10,Ex-convict / family need / rehabilitation,1,2,L1→L2,Offence to feed family,10.0
37,10,Ex-convict / family need / rehabilitation,1,2,L1→L2,Offence to feed family,10.0
38,10,Ex-convict / family need / rehabilitation,1,2,L1→L2,Offence to feed family,10.0
39,10,Ex-convict / family need / rehabilitation,1,2,L1→L2,Offence to feed family,10.0
40,10,Ex-convict / family need / rehabilitation,1,2,L1→L2,Offence to feed family,10.0
41,10,Ex-convict / family need / rehabilitation,1,2,L1→L2,Offence to feed family,10.0
42,10,Ex-convict / family need / rehabilitation,1,2,L1→L2,Offence to feed family,10.0
43,10,Ex-convict / family need / rehabilitation,1,2,L1→L2,Offence to feed family,10.0
44,10,Ex-convict / family need / rehabilitation,1,2,L1→L2,Offence to feed family,10.0
45,10,Ex-convict / family need / rehabilitation,1,2,L1→L2,Offence to feed family,10.0
46,10,Ex-convict / family need / rehabilitation,1,2,L1→L2,Offence to feed family,10.0
47,10,Ex-convict / family need / rehabilitation,1,2,L1→L2,Offence to feed family,10.0
48,10,Ex-convict / family need / rehabilitation,1,2,L1→L2,Offence to feed family,10.0
49,10,Ex-convict / family need / rehabilitation,1,2,L1→L2,Offence to feed family,10.0
50,10,Ex-convict / family need / rehabilitation,1,2,L1→L2,Offence to feed family,10.0
1,10,Ex-convict / family need / rehabilitation,2,3,L2→L3,Family left / transitional housing,10.0
2,10,Ex-convict / family need / rehabilitation,2,3,L2→L3,Family left / transitional housing,10.0
3,10,Ex-convict / family need / rehabilitation,2,3,L2→L3,Family left / transitional housing,10.0
4,10,Ex-convict / family need / rehabilitation,2,3,L2→L3,Family left / transitional housing,10.0
5,10,Ex-convict / family need / rehabilitation,2,3,L2→L3,Family left / transitional housing,10.0
6,10,Ex-convict / family need / rehabilitation,2,3,L2→L3,Family left / transitional housing,10.0
7,10,Ex-convict / family need / rehabilitation,2,3,L2→L3,Family left / transitional housing,10.0
8,10,Ex-convict / family need / rehabilitation,2,3,L2→L3,Family left / transitional housing,10.0
9,10,Ex-convict / family need / rehabilitation,2,3,L2→L3,Family left / transitional housing,10.0
10,10,Ex-convict / family need / rehabilitation,2,3,L2→L3,Family left / transitional housing,10.0
11,10,Ex-convict / family need / rehabilitation,2,3,L2→L3,Family left / transitional housing,10.0
12,10,Ex-convict / family need / rehabilitation,2,3,L2→L3,Family left / transitional housing,10.0
13,10,Ex-convict / family need / rehabilitation,2,3,L2→L3,Family left / transitional housing,10.0
14,10,Ex-convict / family need / rehabilitation,2,3,L2→L3,Family left / transitional housing,10.0
15,10,Ex-convict / family need / rehabilitation,2,3,L2→L3,Family left / transitional housing,10.0
16,10,Ex-convict / family need / rehabilitation,2,3,L2→L3,Family left / transitional housing,10.0
17,10,Ex-convict / family need / rehabilitation,2,3,L2→L3,Family left / transitional housing,10.0
18,10,Ex-convict / family need / rehabilitation,2,3,L2→L3,Family left / transitional housing,10.0
19,10,Ex-convict / family need / rehabilitation,2,3,L2→L3,Family left / transitional housing,10.0
20,10,Ex-convict / family need / rehabilitation,2,3,L2→L3,Family left / transitional housing,10.0
21,10,Ex-convict / family need / rehabilitation,2,3,L2→L3,Family left / transitional housing,10.0
22,10,Ex-convict / family need / rehabilitation,2,3,L2→L3,Family left / transitional housing,10.0
23,10,Ex-convict / family need / rehabilitation,2,3,L2→L3,Family left / transitional housing,10.0
24,10,Ex-convict / family need / rehabilitation,2,3,L2→L3,Family left / transitional housing,10.0
25,10,Ex-convict / family need / rehabilitation,2,3,L2→L3,Family left / transitional housing,10.0
26,10,Ex-convict / family need / rehabilitation,2,3,L2→L3,Family left / transitional housing,10.0
27,10,Ex-convict / family need / rehabilitation,2,3,L2→L3,Family left / transitional housing,10.0
28,10,Ex-convict / family need / rehabilitation,2,3,L2→L3,Family left / transitional housing,10.0
29,10,Ex-convict / family need / rehabilitation,2,3,L2→L3,Family left / transitional housing,10.0
30,10,Ex-convict / family need / rehabilitation,2,3,L2→L3,Family left / transitional housing,10.0
31,10,Ex-convict / family need / rehabilitation,2,3,L2→L3,Family left / transitional housing,10.0
32,10,Ex-convict / family need / rehabilitation,2,3,L2→L3,Family left / transitional housing,10.0
33,10,Ex-convict / family need / rehabilitation,2,3,L2→L3,Family left / transitional housing,10.0
34,10,Ex-convict / family need / rehabilitation,2,3,L2→L3,Family left / transitional housing,10.0
35,10,Ex-convict / family need / rehabilitation,2,3,L2→L3,Family left / transitional housing,10.0
36,10,Ex-convict / family need / rehabilitation,2,3,L2→L3,Family left / transitional housing,10.0
37,10,Ex-convict / family need / rehabilitation,2,3,L2→L3,Family left / transitional housing,10.0
38,10,Ex-convict / family need / rehabilitation,2,3,L2→L3,Family left / transitional housing,10.0
39,10,Ex-convict / family need / rehabilitation,2,3,L2→L3,Family left / transitional housing,10.0
40,10,Ex-convict / family need / rehabilitation,2,3,L2→L3,Family left / transitional housing,10.0
41,10,Ex-convict / family need / rehabilitation,2,3,L2→L3,Family left / transitional housing,10.0
42,10,Ex-convict / family need / rehabilitation,2,3,L2→L3,Family left / transitional housing,10.0
43,10,Ex-convict / family need / rehabilitation,2,3,L2→L3,Family left / transitional housing,10.0
44,10,Ex-convict / family need / rehabilitation,2,3,L2→L3,Family left / transitional housing,10.0
45,10,Ex-convict / family need / rehabilitation,2,3,L2→L3,Family left / transitional housing,10.0
46,10,Ex-convict / family need / rehabilitation,2,3,L2→L3,Family left / transitional housing,10.0
47,10,Ex-convict / family need / rehabilitation,2,3,L2→L3,Family left / transitional housing,10.0
48,10,Ex-convict / family need / rehabilitation,2,3,L2→L3,Family left / transitional housing,10.0
49,10,Ex-convict / family need / rehabilitation,2,3,L2→L3,Family left / transitional housing,10.0
50,10,Ex-convict / family need / rehabilitation,2,3,L2→L3,Family left / transitional housing,10.0
1,10,Ex-convict / family need / rehabilitation,3,4,L3→L4,Pressure to re-offend,10.0
2,10,Ex-convict / family need / rehabilitation,3,4,L3→L4,Pressure to re-offend,10.0
3,10,Ex-convict / family need / rehabilitation,3,4,L3→L4,Pressure to re-offend,10.0
4,10,Ex-convict / family need / rehabilitation,3,4,L3→L4,Pressure to re-offend,10.0
5,10,Ex-convict / family need / rehabilitation,3,4,L3→L4,Pressure to re-offend,10.0
6,10,Ex-convict / family need / rehabilitation,3,4,L3→L4,Pressure to re-offend,5.0
7,10,Ex-convict / family need / rehabilitation,3,4,L3→L4,Pressure to re-offend,10.0
8,10,Ex-convict / family need / rehabilitation,3,4,L3→L4,Pressure to re-offend,10.0
9,10,Ex-convict / family need / rehabilitation,3,4,L3→L4,Pressure to re-offend,10.0
10,10,Ex-convict / family need / rehabilitation,3,4,L3→L4,Pressure to re-offend,10.0
11,10,Ex-convict / family need / rehabilitation,3,4,L3→L4,Pressure to re-offend,10.0
12,10,Ex-convict / family need / rehabilitation,3,4,L3→L4,Pressure to re-offend,10.0
13,10,Ex-convict / family need / rehabilitation,3,4,L3→L4,Pressure to re-offend,10.0
14,10,Ex-convict / family need / rehabilitation,3,4,L3→L4,Pressure to re-offend,10.0
15,10,Ex-convict / family need / rehabilitation,3,4,L3→L4,Pressure to re-offend,10.0
16,10,Ex-convict / family need / rehabilitation,3,4,L3→L4,Pressure to re-offend,10.0
17,10,Ex-convict / family need / rehabilitation,3,4,L3→L4,Pressure to re-offend,10.0
18,10,Ex-convict / family need / rehabilitation,3,4,L3→L4,Pressure to re-offend,10.0
19,10,Ex-convict / family need / rehabilitation,3,4,L3→L4,Pressure to re-offend,10.0
20,10,Ex-convict / family need / rehabilitation,3,4,L3→L4,Pressure to re-offend,10.0
21,10,Ex-convict / family need / rehabilitation,3,4,L3→L4,Pressure to re-offend,10.0
22,10,Ex-convict / family need / rehabilitation,3,4,L3→L4,Pressure to re-offend,10.0
23,10,Ex-convict / family need / rehabilitation,3,4,L3→L4,Pressure to re-offend,10.0
24,10,Ex-convict / family need / rehabilitation,3,4,L3→L4,Pressure to re-offend,10.0
25,10,Ex-convict / family need / rehabilitation,3,4,L3→L4,Pressure to re-offend,10.0
26,10,Ex-convict / family need / rehabilitation,3,4,L3→L4,Pressure to re-offend,10.0
27,10,Ex-convict / family need / rehabilitation,3,4,L3→L4,Pressure to re-offend,10.0
28,10,Ex-convict / family need / rehabilitation,3,4,L3→L4,Pressure to re-offend,10.0
29,10,Ex-convict / family need / rehabilitation,3,4,L3→L4,Pressure to re-offend,10.0
30,10,Ex-convict / family need / rehabilitation,3,4,L3→L4,Pressure to re-offend,10.0
31,10,Ex-convict / family need / rehabilitation,3,4,L3→L4,Pressure to re-offend,10.0
32,10,Ex-convict / family need / rehabilitation,3,4,L3→L4,Pressure to re-offend,10.0
33,10,Ex-convict / family need / rehabilitation,3,4,L3→L4,Pressure to re-offend,10.0
34,10,Ex-convict / family need / rehabilitation,3,4,L3→L4,Pressure to re-offend,10.0
35,10,Ex-convict / family need / rehabilitation,3,4,L3→L4,Pressure to re-offend,10.0
36,10,Ex-convict / family need / rehabilitation,3,4,L3→L4,Pressure to re-offend,10.0
37,10,Ex-convict / family need / rehabilitation,3,4,L3→L4,Pressure to re-offend,10.0
38,10,Ex-convict / family need / rehabilitation,3,4,L3→L4,Pressure to re-offend,10.0
39,10,Ex-convict / family need / rehabilitation,3,4,L3→L4,Pressure to re-offend,10.0
40,10,Ex-convict / family need / rehabilitation,3,4,L3→L4,Pressure to re-offend,10.0
41,10,Ex-convict / family need / rehabilitation,3,4,L3→L4,Pressure to re-offend,10.0
42,10,Ex-convict / family need / rehabilitation,3,4,L3→L4,Pressure to re-offend,10.0
43,10,Ex-convict / family need / rehabilitation,3,4,L3→L4,Pressure to re-offend,10.0
44,10,Ex-convict / family need / rehabilitation,3,4,L3→L4,Pressure to re-offend,10.0
45,10,Ex-convict / family need / rehabilitation,3,4,L3→L4,Pressure to re-offend,10.0
46,10,Ex-convict / family need / rehabilitation,3,4,L3→L4,Pressure to re-offend,10.0
47,10,Ex-convict / family need / rehabilitation,3,4,L3→L4,Pressure to re-offend,10.0
48,10,Ex-convict / family need / rehabilitation,3,4,L3→L4,Pressure to re-offend,10.0
49,10,Ex-convict / family need / rehabilitation,3,4,L3→L4,Pressure to re-offend,10.0
50,10,Ex-convict / family need / rehabilitation,3,4,L3→L4,Pressure to re-offend,10.0
1,10,Ex-convict / family need / rehabilitation,4,5,L4→L5,Rehabilitation / volunteering,10.0
2,10,Ex-convict / family need / rehabilitation,4,5,L4→L5,Rehabilitation / volunteering,10.0
3,10,Ex-convict / family need / rehabilitation,4,5,L4→L5,Rehabilitation / volunteering,10.0
4,10,Ex-convict / family need / rehabilitation,4,5,L4→L5,Rehabilitation / volunteering,10.0
5,10,Ex-convict / family need / rehabilitation,4,5,L4→L5,Rehabilitation / volunteering,10.0
6,10,Ex-convict / family need / rehabilitation,4,5,L4→L5,Rehabilitation / volunteering,5.0
7,10,Ex-convict / family need / rehabilitation,4,5,L4→L5,Rehabilitation / volunteering,10.0
8,10,Ex-convict / family need / rehabilitation,4,5,L4→L5,Rehabilitation / volunteering,10.0
9,10,Ex-convict / family need / rehabilitation,4,5,L4→L5,Rehabilitation / volunteering,10.0
10,10,Ex-convict / family need / rehabilitation,4,5,L4→L5,Rehabilitation / volunteering,10.0
11,10,Ex-convict / family need / rehabilitation,4,5,L4→L5,Rehabilitation / volunteering,10.0
12,10,Ex-convict / family need / rehabilitation,4,5,L4→L5,Rehabilitation / volunteering,10.0
13,10,Ex-convict / family need / rehabilitation,4,5,L4→L5,Rehabilitation / volunteering,10.0
14,10,Ex-convict / family need / rehabilitation,4,5,L4→L5,Rehabilitation / volunteering,10.0
15,10,Ex-convict / family need / rehabilitation,4,5,L4→L5,Rehabilitation / volunteering,10.0
16,10,Ex-convict / family need / rehabilitation,4,5,L4→L5,Rehabilitation / volunteering,10.0
17,10,Ex-convict / family need / rehabilitation,4,5,L4→L5,Rehabilitation / volunteering,10.0
18,10,Ex-convict / family need / rehabilitation,4,5,L4→L5,Rehabilitation / volunteering,10.0
19,10,Ex-convict / family need / rehabilitation,4,5,L4→L5,Rehabilitation / volunteering,10.0
20,10,Ex-convict / family need / rehabilitation,4,5,L4→L5,Rehabilitation / volunteering,10.0
21,10,Ex-convict / family need / rehabilitation,4,5,L4→L5,Rehabilitation / volunteering,10.0
22,10,Ex-convict / family need / rehabilitation,4,5,L4→L5,Rehabilitation / volunteering,10.0
23,10,Ex-convict / family need / rehabilitation,4,5,L4→L5,Rehabilitation / volunteering,5.0
24,10,Ex-convict / family need / rehabilitation,4,5,L4→L5,Rehabilitation / volunteering,10.0
25,10,Ex-convict / family need / rehabilitation,4,5,L4→L5,Rehabilitation / volunteering,10.0
26,10,Ex-convict / family need / rehabilitation,4,5,L4→L5,Rehabilitation / volunteering,10.0
27,10,Ex-convict / family need / rehabilitation,4,5,L4→L5,Rehabilitation / volunteering,10.0
28,10,Ex-convict / family need / rehabilitation,4,5,L4→L5,Rehabilitation / volunteering,10.0
29,10,Ex-convict / family need / rehabilitation,4,5,L4→L5,Rehabilitation / volunteering,10.0
30,10,Ex-convict / family need / rehabilitation,4,5,L4→L5,Rehabilitation / volunteering,10.0
31,10,Ex-convict / family need / rehabilitation,4,5,L4→L5,Rehabilitation / volunteering,10.0
32,10,Ex-convict / family need / rehabilitation,4,5,L4→L5,Rehabilitation / volunteering,10.0
33,10,Ex-convict / family need / rehabilitation,4,5,L4→L5,Rehabilitation / volunteering,10.0
34,10,Ex-convict / family need / rehabilitation,4,5,L4→L5,Rehabilitation / volunteering,10.0
35,10,Ex-convict / family need / rehabilitation,4,5,L4→L5,Rehabilitation / volunteering,10.0
36,10,Ex-convict / family need / rehabilitation,4,5,L4→L5,Rehabilitation / volunteering,10.0
37,10,Ex-convict / family need / rehabilitation,4,5,L4→L5,Rehabilitation / volunteering,10.0
38,10,Ex-convict / family need / rehabilitation,4,5,L4→L5,Rehabilitation / volunteering,10.0
39,10,Ex-convict / family need / rehabilitation,4,5,L4→L5,Rehabilitation / volunteering,10.0
40,10,Ex-convict / family need / rehabilitation,4,5,L4→L5,Rehabilitation / volunteering,10.0
41,10,Ex-convict / family need / rehabilitation,4,5,L4→L5,Rehabilitation / volunteering,10.0
42,10,Ex-convict / family need / rehabilitation,4,5,L4→L5,Rehabilitation / volunteering,10.0
43,10,Ex-convict / family need / rehabilitation,4,5,L4→L5,Rehabilitation / volunteering,10.0
44,10,Ex-convict / family need / rehabilitation,4,5,L4→L5,Rehabilitation / volunteering,10.0
45,10,Ex-convict / family need / rehabilitation,4,5,L4→L5,Rehabilitation / volunteering,10.0
46,10,Ex-convict / family need / rehabilitation,4,5,L4→L5,Rehabilitation / volunteering,10.0
47,10,Ex-convict / family need / rehabilitation,4,5,L4→L5,Rehabilitation / volunteering,10.0
48,10,Ex-convict / family need / rehabilitation,4,5,L4→L5,Rehabilitation / volunteering,10.0
49,10,Ex-convict / family need / rehabilitation,4,5,L4→L5,Rehabilitation / volunteering,10.0
50,10,Ex-convict / family need / rehabilitation,4,5,L4→L5,Rehabilitation / volunteering,10.0
